/* Generated: network feature icons (DLNA globe, IPTV television). */
#ifndef PP_NET_ICONS_H
#define PP_NET_ICONS_H

#define RR_ICON_DLNA_W 72
#define RR_ICON_DLNA_H 72
static const unsigned int RR_ICON_DLNA[]={
  0x00000000,0x00000000,0x00000000,0x00000000,0x00000000,0x00000000,0x00000000,0x00000000,
  0x00000000,0x00000000,0x00000000,0x00000000,0x00000000,0x00000000,0x00000000,0x00000000,
  0x00000000,0x00000000,0x00000000,0x00000000,0x00000000,0x00000000,0x00000000,0x00000000,
  0x00000000,0x00000000,0x00000000,0x00000000,0x00000000,0x00000000,0x00000000,0x00000000,
  0x00000000,0x00000000,0x00000000,0x00000000,0x00000000,0x00000000,0x00000000,0x00000000,
  0x00000000,0x00000000,0x00000000,0x00000000,0x00000000,0x00000000,0x00000000,0x00000000,
  0x00000000,0x00000000,0x00000000,0x00000000,0x00000000,0x00000000,0x00000000,0x00000000,
  0x00000000,0x00000000,0x00000000,0x00000000,0x00000000,0x00000000,0x00000000,0x00000000,
  0x00000000,0x00000000,0x00000000,0x00000000,0x00000000,0x00000000,0x00000000,0x00000000,
  0x00000000,0x00000000,0x00000000,0x00000000,0x00000000,0x00000000,0x00000000,0x00000000,
  0x00000000,0x00000000,0x00000000,0x00000000,0x00000000,0x00000000,0x00000000,0x00000000,
  0x00000000,0x00000000,0x00000000,0x00000000,0x00000000,0x00000000,0x00000000,0x00000000,
  0x00000000,0x00000000,0x00000000,0x00000000,0x00000000,0x00000000,0x00000000,0x00000000,
  0x00000000,0x00000000,0x00000000,0x00000000,0x00000000,0x00000000,0x00000000,0x00000000,
  0x00000000,0x00000000,0x00000000,0x00000000,0x00000000,0x00000000,0x00000000,0x00000000,
  0x00000000,0x00000000,0x00000000,0x00000000,0x00000000,0x00000000,0x00000000,0x00000000,
  0x00000000,0x00000000,0x00000000,0x00000000,0x00000000,0x00000000,0x00000000,0x00000000,
  0x00000000,0x00000000,0x00000000,0x00000000,0x00000000,0x00000000,0x00000000,0x00000000,
  0x00000000,0x00000000,0x00000000,0x00000000,0x00000000,0x00000000,0x00000000,0x00000000,
  0x00000000,0x00000000,0x00000000,0x00000000,0x00000000,0x00000000,0x00000000,0x00000000,
  0x00000000,0x00000000,0x00000000,0x00000000,0x00000000,0x00000000,0x00000000,0x00000000,
  0x00000000,0x00000000,0x00000000,0x00000000,0x00000000,0x00000000,0x00000000,0x00000000,
  0x00000000,0x00000000,0x00000000,0x00000000,0x00000000,0x00000000,0x00000000,0x00000000,
  0x00000000,0x00000000,0x00000000,0x00000000,0x00000000,0x00000000,0x00000000,0x00000000,
  0x00000000,0x00000000,0x00000000,0x00000000,0x00000000,0x00000000,0x00000000,0x00000000,
  0x00000000,0x00000000,0x00000000,0x00000000,0x00000000,0x00000000,0x00000000,0x00000000,
  0x00000000,0x00000000,0x00000000,0x00000000,0x00000000,0x00000000,0x00000000,0x00000000,
  0x00000000,0x00000000,0x00000000,0x00000000,0x00000000,0x00000000,0x00000000,0x00000000,
  0x00000000,0x00000000,0x00000000,0x00000000,0x00000000,0x00000000,0x00000000,0x00000000,
  0x00000000,0x00000000,0x00000000,0x00000000,0x00000000,0x00000000,0x00000000,0x00000000,
  0x00000000,0x00000000,0x00000000,0x00000000,0x00000000,0x00000000,0x00000000,0x00000000,
  0x00000000,0x00000000,0x00000000,0x00000000,0x00000000,0x00000000,0x00000000,0x00000000,
  0x00000000,0x00000000,0x00000000,0x00000000,0x00000000,0x00000000,0x00000000,0x00000000,
  0x00000000,0x00000000,0x00000000,0x00000000,0x00000000,0x00000000,0x00000000,0x00000000,
  0x00000000,0x00000000,0x00000000,0x00000000,0x00000000,0x00000000,0x00000000,0x00000000,
  0x00000000,0x00000000,0x00000000,0x00000000,0x00000000,0x00000000,0x00000000,0x00000000,
  0x00000000,0x00000000,0x00000000,0x00000000,0x00000000,0x00000000,0x00000000,0x00000000,
  0x00000000,0x00000000,0x00000000,0x00000000,0x00000000,0x00000000,0x00000000,0x00000000,
  0x00000000,0x00000000,0x00000000,0x00000000,0x00000000,0x00000000,0x00000000,0x00000000,
  0x00000000,0x00000000,0x00000000,0x00000000,0x00000000,0x00000000,0x00000000,0x00000000,
  0x00000000,0x00000000,0x00000000,0x00000000,0x00000000,0x00000000,0x00000000,0x00000000,
  0x00000000,0x00000000,0x00000000,0x00000000,0x00000000,0x00000000,0x00000000,0x00000000,
  0x00000000,0x00000000,0x00000000,0x00000000,0x00000000,0x00000000,0x00000000,0x00000000,
  0x00000000,0x00000000,0x00000000,0x00000000,0x00000000,0x00000000,0x00000000,0x00000000,
  0x00000000,0x00000000,0x00000000,0x00000000,0x00000000,0x00000000,0x00000000,0x00000000,
  0x00000000,0x00000000,0x00000000,0x00000000,0x00000000,0x00000000,0x00000000,0x00000000,
  0x00000000,0x00000000,0x00000000,0x00000000,0x00000000,0x00000000,0x00000000,0x00000000,
  0x00000000,0x00000000,0x00000000,0x00000000,0x00000000,0x00000000,0x00000000,0x00000000,
  0x00000000,0x00000000,0x00000000,0x00000000,0x00000000,0x00000000,0x00000000,0x00000000,
  0x00000000,0x00000000,0x00000000,0x00000000,0x00000000,0x00000000,0x00000000,0x00000000,
  0x00000000,0x00000000,0x00000000,0x00000000,0x00000000,0x00000000,0x00000000,0x00000000,
  0x00000000,0x00000000,0x00000000,0x00000000,0x00000000,0x00000000,0x00000000,0x00000000,
  0x00000000,0x00000000,0x00000000,0x00000000,0x00000000,0x00000000,0x00000000,0x00000000,
  0x00000000,0x00000000,0x00000000,0x00000000,0x00000000,0x00000000,0x00000000,0x00000000,
  0x00000000,0x00000000,0x00000000,0x00000000,0x00000000,0x00000000,0x00000000,0x00000000,
  0x00000000,0x00000000,0x00000000,0x00000000,0x00000000,0x00000000,0x00000000,0x00000000,
  0x00000000,0x00000000,0x00000000,0x00000000,0x00000000,0x00000000,0x00000000,0x00000000,
  0x00000000,0x00000000,0x00000000,0x00000000,0x00000000,0x00000000,0x00000000,0x00000000,
  0x00000000,0x00000000,0x00000000,0x00000000,0x00000000,0x00000000,0x00000000,0x00000000,
  0x00000000,0x00000000,0x00000000,0x00000000,0x00000000,0x00000000,0x00000000,0x00000000,
  0x00000000,0x00000000,0x00000000,0x00000000,0x00000000,0x00000000,0x00000000,0x00000000,
  0x00000000,0x00000000,0x00000000,0x00000000,0x00000000,0x00000000,0x00000000,0x00000000,
  0x00000000,0x00000000,0x00000000,0x00000000,0x00000000,0x00000000,0x00000000,0x00000000,
  0x00000000,0x00000000,0x00000000,0x00000000,0x00000000,0x00000000,0x00000000,0x00000000,
  0x00000000,0x00000000,0x00000000,0x00000000,0x00000000,0x00000000,0x00000000,0x00000000,
  0x00000000,0x00000000,0x00000000,0x00000000,0x00000000,0x00000000,0x00000000,0x00000000,
  0x00000000,0x00000000,0x00000000,0x00000000,0x00000000,0x00000000,0x00000000,0x00000000,
  0x00000000,0x00000000,0x00000000,0x00000000,0x00000000,0x00000000,0x00000000,0x00000000,
  0x00000000,0x00000000,0x00000000,0x00000000,0x00000000,0x00000000,0x00000000,0x00000000,
  0x00000000,0x00000000,0x00000000,0x00000000,0x00000000,0x00000000,0x00000000,0x00000000,
  0x00000000,0x00000000,0x00000000,0x00000000,0x00000000,0x00000000,0x00000000,0x00000000,
  0x00000000,0x00000000,0x00000000,0x00000000,0x00000000,0x00000000,0x00000000,0x00000000,
  0x00000000,0x00000000,0x00000000,0x00000000,0x00000000,0x00000000,0x00000000,0x00000000,
  0x00000000,0x00000000,0x00000000,0x00000000,0x00000000,0x00000000,0x00000000,0x00000000,
  0x00000000,0x00000000,0x00000000,0x00000000,0x00000000,0x00000000,0x00000000,0x00000000,
  0x00000000,0x00000000,0x00000000,0x00000000,0x00000000,0x00000000,0x00000000,0x00000000,
  0x00000000,0x00000000,0x00000000,0x00000000,0x00000000,0x00000000,0x00000000,0x00000000,
  0x00000000,0x00000000,0x00000000,0x00000000,0x00000000,0x00000000,0x00000000,0x00000000,
  0x00000000,0x00000000,0x00000000,0x00000000,0x00000000,0x00000000,0x00000000,0x00000000,
  0x00000000,0x00000000,0x00000000,0x00000000,0x00000000,0x00000000,0x00000000,0x00000000,
  0x00000000,0x00000000,0x00000000,0x00000000,0x00000000,0x00000000,0x00000000,0x00000000,
  0x00000000,0x00000000,0x00000000,0x00000000,0x00000000,0x00000000,0x00000000,0x00000000,
  0x00000000,0x00000000,0x00000000,0x00000000,0x00000000,0x00000000,0x00000000,0x00000000,
  0x00000000,0x00000000,0x00000000,0x00000000,0x00000000,0x00000000,0x00000000,0x00000000,
  0x00000000,0x00000000,0x00000000,0x00000000,0x00000000,0x00000000,0x00000000,0x00000000,
  0x00000000,0x00000000,0x00000000,0x00000000,0x00000000,0x00000000,0x00000000,0x00000000,
  0x00000000,0x00000000,0x00000000,0x00000000,0x00000000,0x00000000,0x00000000,0x00000000,
  0x00000000,0x00000000,0x00000000,0x00000000,0x00000000,0x00000000,0x00000000,0x00000000,
  0x00000000,0x00000000,0x00000000,0x00000000,0x00000000,0x00000000,0x00000000,0x00000000,
  0x00000000,0x00000000,0x00000000,0x00000000,0x00000000,0x00000000,0x00000000,0x00000000,
  0x00000000,0x00000000,0x00000000,0x00000000,0x00000000,0x00000000,0x00000000,0x00000000,
  0x00000000,0x00000000,0x00000000,0x00000000,0x00000000,0x00000000,0x00000000,0x00000000,
  0x00000000,0x00000000,0x00000000,0x00000000,0x00000000,0x00000000,0x00000000,0x00000000,
  0x00000000,0x00000000,0x00000000,0x00000000,0x00000000,0x00000000,0x00000000,0x00000000,
  0x00000000,0x00000000,0x00000000,0x00000000,0x00000000,0x00000000,0x00000000,0x00000000,
  0x00000000,0x00000000,0x00000000,0x00000000,0x00000000,0x00000000,0x00000000,0x00000000,
  0x00000000,0x00000000,0x00000000,0x00000000,0x00000000,0x00000000,0x00000000,0x00000000,
  0x00000000,0x00000000,0x00000000,0x00000000,0x00000000,0x00000000,0x00000000,0x00000000,
  0x00000000,0x00000000,0x00000000,0x00000000,0x00000000,0x00000000,0x00000000,0x00000000,
  0x00000000,0x00000000,0x00000000,0x00000000,0x00000000,0x00000000,0x00000000,0x00000000,
  0x00000000,0x00000000,0x00000000,0x00000000,0x00000000,0x00000000,0x00000000,0x00000000,
  0x00000000,0x00000000,0x00000000,0x00000000,0x00000000,0x00000000,0x00000000,0x00000000,
  0x00000000,0x00000000,0x00000000,0x00000000,0x00000000,0x00000000,0x00000000,0x00000000,
  0x00000000,0x00000000,0x00000000,0x00000000,0x00000000,0x00000000,0x00000000,0x00000000,
  0x00000000,0x00000000,0x00000000,0x00000000,0x00000000,0x00000000,0x00000000,0x00000000,
  0x00000000,0x00000000,0x00000000,0x00000000,0x00000000,0x00000000,0x00000000,0x00000000,
  0x00000000,0x00000000,0x00000000,0x00000000,0x00000000,0x00000000,0x00000000,0x00000000,
  0x00000000,0x00000000,0x00000000,0x00000000,0x00000000,0x00000000,0x00000000,0x00000000,
  0x00000000,0x00000000,0x00000000,0x00000000,0x00000000,0x00000000,0x00000000,0x00000000,
  0x00000000,0x00000000,0x00000000,0x00000000,0x01FFFFFF,0x01FFFFFF,0x01FFFFFF,0x01FFFFFF,
  0x01FFFFFF,0x01FFFFFF,0x01FFFFFF,0x01FFFFFF,0x01FFFFFF,0x01FFFFFF,0x01FFFFFF,0x01FFFFFF,
  0x01FFFFFF,0x01FFFFFF,0x01FFFFFF,0x01FFFFFF,0x01FFFFFF,0x01FFFFFF,0x01FFFFFF,0x01FFFFFF,
  0x01FFFFFF,0x01FFFFFF,0x01FFFFFF,0x01FFFFFF,0x01FFFFFF,0x01FFFFFF,0x01FFFFFF,0x01FFFFFF,
  0x01FFFFFF,0x01FFFFFF,0x01FFFFFF,0x01FFFFFF,0x01FFFFFF,0x01FFFFFF,0x01FFFFFF,0x01FFFFFF,
  0x01FFFFFF,0x01FFFFFF,0x01FFFFFF,0x01FFFFFF,0x01FFFFFF,0x01FFFFFF,0x01FFFFFF,0x01FFFFFF,
  0x01FFFFFF,0x01FFFFFF,0x01FFFFFF,0x01FFFFFF,0x00000000,0x00000000,0x00000000,0x00000000,
  0x00000000,0x00000000,0x00000000,0x00000000,0x00000000,0x00000000,0x00000000,0x00000000,
  0x00000000,0x00000000,0x00000000,0x00000000,0x00000000,0x00000000,0x00000000,0x00000000,
  0x00000000,0x00000000,0x01FFFFFF,0x03FFFFFF,0x00000000,0x00000000,0x00000000,0x00000000,
  0x00000000,0x00000000,0x00000000,0x00000000,0x00000000,0x00000000,0x00000000,0x00000000,
  0x00000000,0x00000000,0x00000000,0x00000000,0x00000000,0x00000000,0x00000000,0x00000000,
  0x00000000,0x00000000,0x00000000,0x00000000,0x00000000,0x00000000,0x00000000,0x00000000,
  0x00000000,0x00000000,0x00000000,0x00000000,0x00000000,0x00000000,0x00000000,0x00000000,
  0x00000000,0x00000000,0x00000000,0x00000000,0x00000000,0x00000000,0x00000000,0x00000000,
  0x00000000,0x00000000,0x00000000,0x00000000,0x02FFFFFF,0x02FFFFFF,0x00000000,0x00000000,
  0x00000000,0x00000000,0x00000000,0x00000000,0x00000000,0x00000000,0x00000000,0x00000000,
  0x00000000,0x00000000,0x00000000,0x00000000,0x00000000,0x00000000,0x00000000,0x00000000,
  0x00000000,0x01FFFFFF,0x00000000,0x00000000,0x0AFFFFFF,0x10FFFFFF,0x10FFFFFF,0x11FFFFFF,
  0x11FFFFFF,0x11FFFFFF,0x11FFFFFF,0x11FFFFFF,0x11FFFFFF,0x11FFFFFF,0x11FFFFFF,0x11FFFFFF,
  0x11FFFFFF,0x11FFFFFF,0x11FFFFFF,0x11FFFFFF,0x11FFFFFF,0x11FFFFFF,0x11FFFFFF,0x11FFFFFF,
  0x11FFFFFF,0x11FFFFFF,0x11FFFFFF,0x11FFFFFF,0x11FFFFFF,0x11FFFFFF,0x11FFFFFF,0x11FFFFFF,
  0x11FFFFFF,0x11FFFFFF,0x11FFFFFF,0x11FFFFFF,0x11FFFFFF,0x11FFFFFF,0x11FFFFFF,0x11FFFFFF,
  0x11FFFFFF,0x11FFFFFF,0x11FFFFFF,0x11FFFFFF,0x11FFFFFF,0x11FFFFFF,0x11FFFFFF,0x11FFFFFF,
  0x11FFFFFF,0x10FFFFFF,0x10FFFFFF,0x0FFFFFFF,0x00000000,0x00000000,0x01FFFFFF,0x00000000,
  0x00000000,0x00000000,0x00000000,0x00000000,0x00000000,0x00000000,0x00000000,0x00000000,
  0x00000000,0x00000000,0x00000000,0x00000000,0x00000000,0x00000000,0x00000000,0x00000000,
  0x01FFFFFF,0x00000000,0x1AFFFFFF,0x9BFFFFFF,0xE1FFFFFF,0xEDFFFFFF,0xEEFFFFFF,0xEEFFFFFF,
  0xEEFFFFFF,0xEEFFFFFF,0xEEFFFFFF,0xEEFFFFFF,0xEEFFFFFF,0xEEFFFFFF,0xEEFFFFFF,0xEEFFFFFF,
  0xEEFFFFFF,0xEEFFFFFF,0xEEFFFFFF,0xEEFFFFFF,0xEEFFFFFF,0xEEFFFFFF,0xEEFFFFFF,0xEEFFFFFF,
  0xEEFFFFFF,0xEEFFFFFF,0xEEFFFFFF,0xEEFFFFFF,0xEEFFFFFF,0xEEFFFFFF,0xEEFFFFFF,0xEEFFFFFF,
  0xEEFFFFFF,0xEEFFFFFF,0xEEFFFFFF,0xEEFFFFFF,0xEEFFFFFF,0xEEFFFFFF,0xEEFFFFFF,0xEEFFFFFF,
  0xEEFFFFFF,0xEEFFFFFF,0xEEFFFFFF,0xEEFFFFFF,0xEEFFFFFF,0xEEFFFFFF,0xEEFFFFFF,0xEEFFFFFF,
  0xEEFFFFFF,0xEEFFFFFF,0xEEFFFFFF,0xEAFFFFFF,0xB1FFFFFF,0x37FFFFFF,0x00000000,0x02FFFFFF,
  0x00000000,0x00000000,0x00000000,0x00000000,0x00000000,0x00000000,0x00000000,0x00000000,
  0x00000000,0x00000000,0x00000000,0x00000000,0x00000000,0x00000000,0x00000000,0x01FFFFFF,
  0x01FFFFFF,0x19FFFFFF,0xE1FFFFFF,0xFFFFFFFF,0xFFFFFFFF,0xFFFFFFFF,0xFFFFFFFF,0xFFFFFFFF,
  0xFFFFFFFF,0xFFFFFFFF,0xFFFFFFFF,0xFFFFFFFF,0xFFFFFFFF,0xFFFFFFFF,0xFFFFFFFF,0xFFFFFFFF,
  0xFFFFFFFF,0xFFFFFFFF,0xFFFFFFFF,0xFFFFFFFF,0xFFFFFFFF,0xFFFFFFFF,0xFFFFFFFF,0xFFFFFFFF,
  0xFFFFFFFF,0xFFFFFFFF,0xFFFFFFFF,0xFFFFFFFF,0xFFFFFFFF,0xFFFFFFFF,0xFFFFFFFF,0xFFFFFFFF,
  0xFFFFFFFF,0xFFFFFFFF,0xFFFFFFFF,0xFFFFFFFF,0xFFFFFFFF,0xFFFFFFFF,0xFFFFFFFF,0xFFFFFFFF,
  0xFFFFFFFF,0xFFFFFFFF,0xFFFFFFFF,0xFFFFFFFF,0xFFFFFFFF,0xFFFFFFFF,0xFFFFFFFF,0xFFFFFFFF,
  0xFFFFFFFF,0xFFFFFFFF,0xFFFFFFFF,0xFFFFFFFF,0xFFFFFFFF,0xFBFFFFFF,0x44FFFFFF,0x00000000,
  0x03FFFFFF,0x00000000,0x00000000,0x00000000,0x00000000,0x00000000,0x00000000,0x00000000,
  0x00000000,0x00000000,0x00000000,0x00000000,0x00000000,0x00000000,0x00000000,0x03FFFFFF,
  0x00000000,0x9CFFFFFF,0xFFFFFFFF,0xF8FFFFFF,0xFFFFFFFF,0xFFFFFFFF,0xFFFFFFFF,0xFFFFFFFF,
  0xFFFFFFFF,0xFFFFFFFF,0xFFFFFFFF,0xFFFFFFFF,0xFFFFFFFF,0xFFFFFFFF,0xFFFFFFFF,0xFFFFFFFF,
  0xFFFFFFFF,0xFFFFFFFF,0xFFFFFFFF,0xFFFFFFFF,0xFFFFFFFF,0xFFFFFFFF,0xFFFFFFFF,0xFFFFFFFF,
  0xFFFFFFFF,0xFFFFFFFF,0xFFFFFFFF,0xFFFFFFFF,0xFFFFFFFF,0xFFFFFFFF,0xFFFFFFFF,0xFFFFFFFF,
  0xFFFFFFFF,0xFFFFFFFF,0xFFFFFFFF,0xFFFFFFFF,0xFFFFFFFF,0xFFFFFFFF,0xFFFFFFFF,0xFFFFFFFF,
  0xFFFFFFFF,0xFFFFFFFF,0xFFFFFFFF,0xFFFFFFFF,0xFFFFFFFF,0xFFFFFFFF,0xFFFFFFFF,0xFFFFFFFF,
  0xFFFFFFFF,0xFFFFFFFF,0xFFFFFFFF,0xFFFFFFFF,0xF9FFFFFF,0xFFFFFFFF,0xD7FFFFFF,0x06FFFFFF,
  0x01FFFFFF,0x00000000,0x00000000,0x00000000,0x00000000,0x00000000,0x00000000,0x00000000,
  0x00000000,0x00000000,0x00000000,0x00000000,0x00000000,0x00000000,0x01FFFFFF,0x00000000,
  0x0DFFFFFF,0xE7FFFFFF,0xFEFFFFFF,0xFEFFFFFF,0xEEFFFFFF,0xBEFFFFFF,0xBEFFFFFF,0xBEFFFFFF,
  0xBEFFFFFF,0xBEFFFFFF,0xBEFFFFFF,0xBEFFFFFF,0xBEFFFFFF,0xBEFFFFFF,0xBEFFFFFF,0xBEFFFFFF,
  0xBEFFFFFF,0xBEFFFFFF,0xBEFFFFFF,0xBEFFFFFF,0xBEFFFFFF,0xBEFFFFFF,0xBEFFFFFF,0xBEFFFFFF,
  0xBEFFFFFF,0xBEFFFFFF,0xBEFFFFFF,0xBEFFFFFF,0xBEFFFFFF,0xBEFFFFFF,0xBEFFFFFF,0xBEFFFFFF,
  0xBEFFFFFF,0xBEFFFFFF,0xBEFFFFFF,0xBEFFFFFF,0xBEFFFFFF,0xBEFFFFFF,0xBEFFFFFF,0xBEFFFFFF,
  0xBEFFFFFF,0xBEFFFFFF,0xBEFFFFFF,0xBEFFFFFF,0xBEFFFFFF,0xBEFFFFFF,0xBEFFFFFF,0xBEFFFFFF,
  0xBEFFFFFF,0xBFFFFFFF,0xBEFFFFFF,0xDEFFFFFF,0xFFFFFFFF,0xFCFFFFFF,0xFEFFFFFF,0x36FFFFFF,
  0x00000000,0x03FFFFFF,0x00000000,0x00000000,0x00000000,0x00000000,0x00000000,0x00000000,
  0x00000000,0x00000000,0x00000000,0x00000000,0x00000000,0x00000000,0x01FFFFFF,0x00000000,
  0x12FFFFFF,0xEFFFFFFF,0xFFFFFFFF,0xFFFFFFFF,0xBCFFFFFF,0x00000000,0x00000000,0x00000000,
  0x00000000,0x00000000,0x00000000,0x00000000,0x00000000,0x00000000,0x00000000,0x00000000,
  0x00000000,0x00000000,0x00000000,0x00000000,0x00000000,0x00000000,0x00000000,0x00000000,
  0x00000000,0x00000000,0x00000000,0x00000000,0x00000000,0x00000000,0x00000000,0x00000000,
  0x00000000,0x00000000,0x00000000,0x00000000,0x00000000,0x00000000,0x00000000,0x00000000,
  0x00000000,0x00000000,0x00000000,0x00000000,0x00000000,0x00000000,0x00000000,0x00000000,
  0x00000000,0x00000000,0x00000000,0x7AFFFFFF,0xFFFFFFFF,0xF8FFFFFF,0xFFFFFFFF,0x43FFFFFF,
  0x00000000,0x03FFFFFF,0x00000000,0x00000000,0x00000000,0x00000000,0x00000000,0x00000000,
  0x00000000,0x00000000,0x00000000,0x00000000,0x00000000,0x00000000,0x01FFFFFF,0x00000000,
  0x11FFFFFF,0xEDFFFFFF,0xFFFFFFFF,0xFFFFFFFF,0xBBFFFFFF,0x00000000,0x00000000,0x01FFFFFF,
  0x06FFFFFF,0x06FFFFFF,0x04FFFFFF,0x03FFFFFF,0x02FFFFFF,0x02FFFFFF,0x02FFFFFF,0x02FFFFFF,
  0x02FFFFFF,0x02FFFFFF,0x02FFFFFF,0x02FFFFFF,0x02FFFFFF,0x02FFFFFF,0x02FFFFFF,0x02FFFFFF,
  0x02FFFFFF,0x02FFFFFF,0x02FFFFFF,0x02FFFFFF,0x02FFFFFF,0x02FFFFFF,0x02FFFFFF,0x02FFFFFF,
  0x02FFFFFF,0x02FFFFFF,0x02FFFFFF,0x02FFFFFF,0x02FFFFFF,0x02FFFFFF,0x02FFFFFF,0x02FFFFFF,
  0x02FFFFFF,0x02FFFFFF,0x02FFFFFF,0x02FFFFFF,0x02FFFFFF,0x02FFFFFF,0x02FFFFFF,0x02FFFFFF,
  0x02FFFFFF,0x06FFFFFF,0x02FFFFFF,0x81FFFFFF,0xFFFFFFFF,0xF8FFFFFF,0xFFFFFFFF,0x40FFFFFF,
  0x00000000,0x03FFFFFF,0x00000000,0x00000000,0x00000000,0x00000000,0x00000000,0x00000000,
  0x00000000,0x00000000,0x00000000,0x00000000,0x00000000,0x00000000,0x01FFFFFF,0x00000000,
  0x11FFFFFF,0xEEFFFFFF,0xFFFFFFFF,0xFFFFFFFF,0xCFFFFFFF,0x3EFFFFFF,0x15FFFFFF,0x03FFFFFF,
  0x00000000,0x00000000,0x00000000,0x01FFFFFF,0x04FFFFFF,0x01FFFFFF,0x00000000,0x00000000,
  0x00000000,0x00000000,0x00000000,0x00000000,0x00000000,0x00000000,0x00000000,0x00000000,
  0x00000000,0x00000000,0x00000000,0x00000000,0x00000000,0x00000000,0x00000000,0x00000000,
  0x00000000,0x00000000,0x00000000,0x00000000,0x00000000,0x00000000,0x00000000,0x00000000,
  0x00000000,0x00000000,0x00000000,0x00000000,0x00000000,0x00000000,0x00000000,0x00000000,
  0x00000000,0x04FFFFFF,0x00000000,0x80FFFFFF,0xFFFFFFFF,0xF8FFFFFF,0xFFFFFFFF,0x41FFFFFF,
  0x00000000,0x03FFFFFF,0x00000000,0x00000000,0x00000000,0x00000000,0x00000000,0x00000000,
  0x00000000,0x00000000,0x00000000,0x00000000,0x00000000,0x00000000,0x01FFFFFF,0x00000000,
  0x11FFFFFF,0xEEFFFFFF,0xFFFFFFFF,0xFEFFFFFF,0xFFFFFFFF,0xFFFFFFFF,0xEFFFFFFF,0xD5FFFFFF,
  0x9EFFFFFF,0x61FFFFFF,0x2AFFFFFF,0x00000000,0x00000000,0x00000000,0x03FFFFFF,0x02FFFFFF,
  0x00000000,0x00000000,0x00000000,0x00000000,0x00000000,0x00000000,0x00000000,0x00000000,
  0x00000000,0x00000000,0x00000000,0x00000000,0x00000000,0x00000000,0x00000000,0x00000000,
  0x00000000,0x00000000,0x00000000,0x00000000,0x00000000,0x00000000,0x00000000,0x00000000,
  0x00000000,0x00000000,0x00000000,0x00000000,0x00000000,0x00000000,0x00000000,0x00000000,
  0x00000000,0x04FFFFFF,0x00000000,0x80FFFFFF,0xFFFFFFFF,0xF8FFFFFF,0xFFFFFFFF,0x41FFFFFF,
  0x00000000,0x03FFFFFF,0x00000000,0x00000000,0x00000000,0x00000000,0x00000000,0x00000000,
  0x00000000,0x00000000,0x00000000,0x00000000,0x00000000,0x00000000,0x01FFFFFF,0x00000000,
  0x11FFFFFF,0xEEFFFFFF,0xFFFFFFFF,0xFEFFFFFF,0xFFFFFFFF,0xFFFFFFFF,0xFFFFFFFF,0xFFFFFFFF,
  0xFFFFFFFF,0xFFFFFFFF,0xFBFFFFFF,0xC5FFFFFF,0x65FFFFFF,0x17FFFFFF,0x00000000,0x00000000,
  0x03FFFFFF,0x01FFFFFF,0x00000000,0x00000000,0x00000000,0x00000000,0x00000000,0x00000000,
  0x00000000,0x00000000,0x00000000,0x00000000,0x00000000,0x00000000,0x00000000,0x00000000,
  0x00000000,0x00000000,0x00000000,0x00000000,0x00000000,0x00000000,0x00000000,0x00000000,
  0x00000000,0x00000000,0x00000000,0x00000000,0x00000000,0x00000000,0x00000000,0x00000000,
  0x00000000,0x04FFFFFF,0x00000000,0x80FFFFFF,0xFFFFFFFF,0xF8FFFFFF,0xFFFFFFFF,0x41FFFFFF,
  0x00000000,0x03FFFFFF,0x00000000,0x00000000,0x00000000,0x00000000,0x00000000,0x00000000,
  0x00000000,0x00000000,0x00000000,0x00000000,0x00000000,0x00000000,0x01FFFFFF,0x00000000,
  0x11FFFFFF,0xEEFFFFFF,0xFFFFFFFF,0xFEFFFFFF,0xF9FFFFFF,0xF4FFFFFF,0xFFFFFFFF,0xFFFFFFFF,
  0xFFFFFFFF,0xFFFFFFFF,0xFDFFFFFF,0xFFFFFFFF,0xFFFFFFFF,0xE8FFFFFF,0x9BFFFFFF,0x2CFFFFFF,
  0x00000000,0x00000000,0x04FFFFFF,0x00000000,0x00000000,0x00000000,0x00000000,0x00000000,
  0x00000000,0x00000000,0x00000000,0x00000000,0x00000000,0x00000000,0x00000000,0x00000000,
  0x00000000,0x00000000,0x00000000,0x00000000,0x00000000,0x00000000,0x00000000,0x00000000,
  0x00000000,0x00000000,0x00000000,0x00000000,0x00000000,0x00000000,0x00000000,0x00000000,
  0x00000000,0x04FFFFFF,0x00000000,0x80FFFFFF,0xFFFFFFFF,0xF8FFFFFF,0xFFFFFFFF,0x41FFFFFF,
  0x00000000,0x03FFFFFF,0x00000000,0x00000000,0x00000000,0x00000000,0x00000000,0x00000000,
  0x00000000,0x00000000,0x00000000,0x00000000,0x00000000,0x00000000,0x01FFFFFF,0x00000000,
  0x11FFFFFF,0xEEFFFFFF,0xFFFFFFFF,0xFFFFFFFF,0xC0FFFFFF,0x1BFFFFFF,0x48FFFFFF,0x7BFFFFFF,
  0xB1FFFFFF,0xEDFFFFFF,0xFFFFFFFF,0xFFFFFFFF,0xFDFFFFFF,0xFFFFFFFF,0xFFFFFFFF,0xF9FFFFFF,
  0x92FFFFFF,0x16FFFFFF,0x00000000,0x02FFFFFF,0x01FFFFFF,0x00000000,0x00000000,0x00000000,
  0x00000000,0x00000000,0x00000000,0x00000000,0x00000000,0x00000000,0x00000000,0x00000000,
  0x00000000,0x00000000,0x00000000,0x00000000,0x00000000,0x00000000,0x00000000,0x00000000,
  0x00000000,0x00000000,0x00000000,0x00000000,0x00000000,0x00000000,0x00000000,0x00000000,
  0x00000000,0x04FFFFFF,0x00000000,0x80FFFFFF,0xFFFFFFFF,0xF8FFFFFF,0xFFFFFFFF,0x41FFFFFF,
  0x00000000,0x03FFFFFF,0x00000000,0x00000000,0x00000000,0x00000000,0x00000000,0x00000000,
  0x00000000,0x00000000,0x00000000,0x00000000,0x00000000,0x00000000,0x01FFFFFF,0x00000000,
  0x11FFFFFF,0xEEFFFFFF,0xFFFFFFFF,0xFFFFFFFF,0xBDFFFFFF,0x00000000,0x00000000,0x00000000,
  0x00000000,0x13FFFFFF,0x4EFFFFFF,0xA2FFFFFF,0xF8FFFFFF,0xFFFFFFFF,0xFFFFFFFF,0xFCFFFFFF,
  0xFFFFFFFF,0xE5FFFFFF,0x62FFFFFF,0x00000000,0x00000000,0x03FFFFFF,0x00000000,0x00000000,
  0x00000000,0x00000000,0x00000000,0x00000000,0x00000000,0x00000000,0x00000000,0x00000000,
  0x00000000,0x00000000,0x00000000,0x00000000,0x00000000,0x00000000,0x00000000,0x00000000,
  0x00000000,0x00000000,0x00000000,0x00000000,0x00000000,0x00000000,0x00000000,0x00000000,
  0x00000000,0x04FFFFFF,0x00000000,0x80FFFFFF,0xFFFFFFFF,0xF8FFFFFF,0xFFFFFFFF,0x41FFFFFF,
  0x00000000,0x03FFFFFF,0x00000000,0x00000000,0x00000000,0x00000000,0x00000000,0x00000000,
  0x00000000,0x00000000,0x00000000,0x00000000,0x00000000,0x00000000,0x01FFFFFF,0x00000000,
  0x11FFFFFF,0xEEFFFFFF,0xFFFFFFFF,0xFFFFFFFF,0xBEFFFFFF,0x02FFFFFF,0x05FFFFFF,0x04FFFFFF,
  0x02FFFFFF,0x00000000,0x00000000,0x00000000,0x28FFFFFF,0x7FFFFFFF,0xE8FFFFFF,0xFFFFFFFF,
  0xFCFFFFFF,0xFFFFFFFF,0xFFFFFFFF,0xA9FFFFFF,0x13FFFFFF,0x00000000,0x04FFFFFF,0x00000000,
  0x00000000,0x00000000,0x00000000,0x00000000,0x00000000,0x00000000,0x00000000,0x00000000,
  0x00000000,0x00000000,0x00000000,0x00000000,0x00000000,0x00000000,0x00000000,0x00000000,
  0x00000000,0x00000000,0x00000000,0x00000000,0x00000000,0x00000000,0x00000000,0x00000000,
  0x00000000,0x04FFFFFF,0x00000000,0x80FFFFFF,0xFFFFFFFF,0xF8FFFFFF,0xFFFFFFFF,0x41FFFFFF,
  0x00000000,0x03FFFFFF,0x00000000,0x00000000,0x00000000,0x00000000,0x00000000,0x00000000,
  0x00000000,0x00000000,0x00000000,0x00000000,0x00000000,0x00000000,0x01FFFFFF,0x00000000,
  0x11FFFFFF,0xEEFFFFFF,0xFFFFFFFF,0xFFFFFFFF,0xBEFFFFFF,0x00000000,0x02FFFFFF,0x00000000,
  0x00000000,0x01FFFFFF,0x03FFFFFF,0x03FFFFFF,0x00000000,0x00000000,0x17FFFFFF,0x92FFFFFF,
  0xFBFFFFFF,0xFFFFFFFF,0xF8FFFFFF,0xFFFFFFFF,0xDAFFFFFF,0x36FFFFFF,0x00000000,0x04FFFFFF,
  0x00000000,0x00000000,0x00000000,0x00000000,0x00000000,0x00000000,0x00000000,0x00000000,
  0x00000000,0x00000000,0x00000000,0x00000000,0x00000000,0x00000000,0x00000000,0x00000000,
  0x00000000,0x00000000,0x00000000,0x00000000,0x00000000,0x00000000,0x00000000,0x00000000,
  0x00000000,0x04FFFFFF,0x00000000,0x80FFFFFF,0xFFFFFFFF,0xF8FFFFFF,0xFFFFFFFF,0x41FFFFFF,
  0x00000000,0x03FFFFFF,0x00000000,0x00000000,0x00000000,0x00000000,0x00000000,0x00000000,
  0x00000000,0x00000000,0x00000000,0x00000000,0x00000000,0x00000000,0x01FFFFFF,0x00000000,
  0x11FFFFFF,0xEEFFFFFF,0xFFFFFFFF,0xFFFFFFFF,0xBEFFFFFF,0x00000000,0x02FFFFFF,0x00000000,
  0x00000000,0x00000000,0x00000000,0x00000000,0x02FFFFFF,0x04FFFFFF,0x00000000,0x00000000,
  0x37FFFFFF,0xC8FFFFFF,0xFFFFFFFF,0xF9FFFFFF,0xFFFFFFFF,0xF2FFFFFF,0x62FFFFFF,0x00000000,
  0x04FFFFFF,0x00000000,0x00000000,0x00000000,0x00000000,0x00000000,0x00000000,0x00000000,
  0x00000000,0x00000000,0x00000000,0x00000000,0x00000000,0x00000000,0x00000000,0x00000000,
  0x00000000,0x00000000,0x00000000,0x00000000,0x00000000,0x00000000,0x00000000,0x00000000,
  0x00000000,0x04FFFFFF,0x00000000,0x80FFFFFF,0xFFFFFFFF,0xF8FFFFFF,0xFFFFFFFF,0x41FFFFFF,
  0x00000000,0x03FFFFFF,0x00000000,0x00000000,0x00000000,0x00000000,0x00000000,0x00000000,
  0x00000000,0x00000000,0x00000000,0x00000000,0x00000000,0x00000000,0x01FFFFFF,0x00000000,
  0x11FFFFFF,0xEEFFFFFF,0xFFFFFFFF,0xFFFFFFFF,0xBEFFFFFF,0x00000000,0x02FFFFFF,0x00000000,
  0x00000000,0x00000000,0x00000000,0x00000000,0x00000000,0x00000000,0x01FFFFFF,0x03FFFFFF,
  0x00000000,0x04FFFFFF,0x8FFFFFFF,0xFFFFFFFF,0xFEFFFFFF,0xFEFFFFFF,0xFFFFFFFF,0x65FFFFFF,
  0x00000000,0x04FFFFFF,0x00000000,0x00000000,0x00000000,0x00000000,0x00000000,0x00000000,
  0x00000000,0x00000000,0x00000000,0x00000000,0x00000000,0x00000000,0x00000000,0x00000000,
  0x00000000,0x00000000,0x00000000,0x00000000,0x00000000,0x00000000,0x00000000,0x00000000,
  0x00000000,0x04FFFFFF,0x00000000,0x80FFFFFF,0xFFFFFFFF,0xF8FFFFFF,0xFFFFFFFF,0x41FFFFFF,
  0x00000000,0x03FFFFFF,0x00000000,0x00000000,0x00000000,0x00000000,0x00000000,0x00000000,
  0x00000000,0x00000000,0x00000000,0x00000000,0x00000000,0x00000000,0x01FFFFFF,0x00000000,
  0x11FFFFFF,0xEEFFFFFF,0xFFFFFFFF,0xFFFFFFFF,0xBEFFFFFF,0x00000000,0x02FFFFFF,0x00000000,
  0x00000000,0x00000000,0x00000000,0x00000000,0x00000000,0x00000000,0x00000000,0x00000000,
  0x03FFFFFF,0x01FFFFFF,0x00000000,0x62FFFFFF,0xF2FFFFFF,0xFEFFFFFF,0xFAFFFFFF,0xFFFFFFFF,
  0x65FFFFFF,0x00000000,0x04FFFFFF,0x00000000,0x00000000,0x00000000,0x00000000,0x00000000,
  0x00000000,0x00000000,0x00000000,0x00000000,0x00000000,0x00000000,0x00000000,0x00000000,
  0x00000000,0x00000000,0x00000000,0x00000000,0x00000000,0x00000000,0x00000000,0x00000000,
  0x00000000,0x04FFFFFF,0x00000000,0x80FFFFFF,0xFFFFFFFF,0xF8FFFFFF,0xFFFFFFFF,0x41FFFFFF,
  0x00000000,0x03FFFFFF,0x00000000,0x00000000,0x00000000,0x00000000,0x00000000,0x00000000,
  0x00000000,0x00000000,0x00000000,0x00000000,0x00000000,0x00000000,0x01FFFFFF,0x00000000,
  0x11FFFFFF,0xEEFFFFFF,0xFFFFFFFF,0xFFFFFFFF,0xBFFFFFFF,0x04FFFFFF,0x05FFFFFF,0x01FFFFFF,
  0x00000000,0x00000000,0x00000000,0x00000000,0x00000000,0x00000000,0x00000000,0x00000000,
  0x00000000,0x01FFFFFF,0x04FFFFFF,0x00000000,0x36FFFFFF,0xEEFFFFFF,0xFFFFFFFF,0xFAFFFFFF,
  0xFFFFFFFF,0x54FFFFFF,0x00000000,0x04FFFFFF,0x00000000,0x00000000,0x00000000,0x00000000,
  0x00000000,0x00000000,0x00000000,0x00000000,0x00000000,0x00000000,0x00000000,0x00000000,
  0x00000000,0x00000000,0x00000000,0x00000000,0x00000000,0x00000000,0x00000000,0x00000000,
  0x00000000,0x04FFFFFF,0x00000000,0x80FFFFFF,0xFFFFFFFF,0xF8FFFFFF,0xFFFFFFFF,0x41FFFFFF,
  0x00000000,0x03FFFFFF,0x00000000,0x00000000,0x00000000,0x00000000,0x00000000,0x00000000,
  0x00000000,0x00000000,0x00000000,0x00000000,0x00000000,0x00000000,0x01FFFFFF,0x00000000,
  0x11FFFFFF,0xEEFFFFFF,0xFFFFFFFF,0xFFFFFFFF,0xBBFFFFFF,0x00000000,0x00000000,0x00000000,
  0x04FFFFFF,0x02FFFFFF,0x00000000,0x00000000,0x00000000,0x00000000,0x00000000,0x00000000,
  0x00000000,0x00000000,0x00000000,0x05FFFFFF,0x00000000,0x35FFFFFF,0xEDFFFFFF,0xFBFFFFFF,
  0xFBFFFFFF,0xEEFFFFFF,0x2DFFFFFF,0x00000000,0x02FFFFFF,0x00000000,0x00000000,0x00000000,
  0x00000000,0x00000000,0x00000000,0x00000000,0x00000000,0x00000000,0x00000000,0x00000000,
  0x00000000,0x00000000,0x00000000,0x00000000,0x00000000,0x00000000,0x00000000,0x00000000,
  0x00000000,0x04FFFFFF,0x00000000,0x80FFFFFF,0xFFFFFFFF,0xF8FFFFFF,0xFFFFFFFF,0x41FFFFFF,
  0x00000000,0x03FFFFFF,0x00000000,0x00000000,0x00000000,0x00000000,0x00000000,0x00000000,
  0x00000000,0x00000000,0x00000000,0x00000000,0x00000000,0x00000000,0x01FFFFFF,0x00000000,
  0x11FFFFFF,0xEEFFFFFF,0xFFFFFFFF,0xFEFFFFFF,0xEAFFFFFF,0x7FFFFFFF,0x43FFFFFF,0x0DFFFFFF,
  0x00000000,0x00000000,0x03FFFFFF,0x01FFFFFF,0x00000000,0x00000000,0x00000000,0x00000000,
  0x00000000,0x00000000,0x00000000,0x00000000,0x04FFFFFF,0x00000000,0x39FFFFFF,0xFEFFFFFF,
  0xF9FFFFFF,0xFFFFFFFF,0xD2FFFFFF,0x0BFFFFFF,0x02FFFFFF,0x01FFFFFF,0x00000000,0x00000000,
  0x00000000,0x00000000,0x00000000,0x00000000,0x00000000,0x00000000,0x00000000,0x00000000,
  0x00000000,0x00000000,0x00000000,0x00000000,0x00000000,0x00000000,0x00000000,0x00000000,
  0x00000000,0x04FFFFFF,0x00000000,0x80FFFFFF,0xFFFFFFFF,0xF8FFFFFF,0xFFFFFFFF,0x41FFFFFF,
  0x00000000,0x03FFFFFF,0x00000000,0x00000000,0x00000000,0x00000000,0x00000000,0x00000000,
  0x00000000,0x00000000,0x00000000,0x00000000,0x00000000,0x00000000,0x01FFFFFF,0x00000000,
  0x11FFFFFF,0xECFFFFFF,0xFDFFFFFF,0xFAFFFFFF,0xFFFFFFFF,0xFFFFFFFF,0xFFFFFFFF,0xE3FFFFFF,
  0x8BFFFFFF,0x2CFFFFFF,0x00000000,0x00000000,0x03FFFFFF,0x00000000,0x00000000,0x00000000,
  0x00000000,0x00000000,0x00000000,0x00000000,0x00000000,0x04FFFFFF,0x00000000,0x67FFFFFF,
  0xFFFFFFFF,0xF8FFFFFF,0xFFFFFFFF,0x9EFFFFFF,0x00000000,0x03FFFFFF,0x00000000,0x00000000,
  0x00000000,0x00000000,0x00000000,0x00000000,0x00000000,0x00000000,0x00000000,0x00000000,
  0x00000000,0x00000000,0x00000000,0x00000000,0x00000000,0x00000000,0x00000000,0x00000000,
  0x00000000,0x04FFFFFF,0x00000000,0x80FFFFFF,0xFFFFFFFF,0xF8FFFFFF,0xFFFFFFFF,0x41FFFFFF,
  0x00000000,0x03FFFFFF,0x00000000,0x00000000,0x00000000,0x00000000,0x00000000,0x00000000,
  0x00000000,0x00000000,0x00000000,0x00000000,0x00000000,0x00000000,0x01FFFFFF,0x00000000,
  0x12FFFFFF,0xF9FFFFFF,0xFFFFFFFF,0xFFFFFFFF,0xFFFFFFFF,0xFFFFFFFF,0xFEFFFFFF,0xFFFFFFFF,
  0xFFFFFFFF,0xF9FFFFFF,0x9EFFFFFF,0x1AFFFFFF,0x00000000,0x04FFFFFF,0x00000000,0x00000000,
  0x00000000,0x00000000,0x00000000,0x00000000,0x00000000,0x00000000,0x04FFFFFF,0x00000000,
  0x9EFFFFFF,0xFFFFFFFF,0xF8FFFFFF,0xFFFFFFFF,0x46FFFFFF,0x00000000,0x03FFFFFF,0x00000000,
  0x00000000,0x00000000,0x00000000,0x00000000,0x00000000,0x00000000,0x00000000,0x00000000,
  0x00000000,0x00000000,0x00000000,0x00000000,0x00000000,0x00000000,0x00000000,0x00000000,
  0x00000000,0x04FFFFFF,0x00000000,0x80FFFFFF,0xFFFFFFFF,0xF8FFFFFF,0xFFFFFFFF,0x41FFFFFF,
  0x00000000,0x03FFFFFF,0x00000000,0x00000000,0x00000000,0x00000000,0x00000000,0x00000000,
  0x00000000,0x00000000,0x00000000,0x00000000,0x00000000,0x00000000,0x00000000,0x00000000,
  0x04FFFFFF,0x3DFFFFFF,0x42FFFFFF,0x70FFFFFF,0x9FFFFFFF,0xD5FFFFFF,0xFCFFFFFF,0xFFFFFFFF,
  0xFFFFFFFF,0xFCFFFFFF,0xFFFFFFFF,0xE5FFFFFF,0x56FFFFFF,0x00000000,0x02FFFFFF,0x01FFFFFF,
  0x00000000,0x00000000,0x00000000,0x00000000,0x00000000,0x00000000,0x01FFFFFF,0x03FFFFFF,
  0x0BFFFFFF,0xDCFFFFFF,0xFCFFFFFF,0xFDFFFFFF,0xD8FFFFFF,0x06FFFFFF,0x02FFFFFF,0x01FFFFFF,
  0x00000000,0x00000000,0x00000000,0x00000000,0x00000000,0x00000000,0x00000000,0x00000000,
  0x00000000,0x00000000,0x00000000,0x00000000,0x00000000,0x00000000,0x00000000,0x00000000,
  0x00000000,0x04FFFFFF,0x00000000,0x80FFFFFF,0xFFFFFFFF,0xF8FFFFFF,0xFFFFFFFF,0x41FFFFFF,
  0x00000000,0x03FFFFFF,0x00000000,0x00000000,0x00000000,0x00000000,0x00000000,0x00000000,
  0x00000000,0x00000000,0x00000000,0x00000000,0x00000000,0x00000000,0x00000000,0x00000000,
  0x00000000,0x00000000,0x00000000,0x00000000,0x00000000,0x03FFFFFF,0x2EFFFFFF,0x8BFFFFFF,
  0xE8FFFFFF,0xFFFFFFFF,0xFBFFFFFF,0xFFFFFFFF,0xFFFFFFFF,0x8FFFFFFF,0x00000000,0x02FFFFFF,
  0x01FFFFFF,0x00000000,0x00000000,0x00000000,0x00000000,0x00000000,0x00000000,0x03FFFFFF,
  0x00000000,0x45FFFFFF,0xFFFFFFFF,0xFAFFFFFF,0xFFFFFFFF,0x7BFFFFFF,0x00000000,0x03FFFFFF,
  0x00000000,0x00000000,0x00000000,0x00000000,0x00000000,0x00000000,0x00000000,0x00000000,
  0x00000000,0x00000000,0x00000000,0x00000000,0x00000000,0x00000000,0x00000000,0x00000000,
  0x00000000,0x04FFFFFF,0x00000000,0x80FFFFFF,0xFFFFFFFF,0xF8FFFFFF,0xFFFFFFFF,0x41FFFFFF,
  0x00000000,0x03FFFFFF,0x00000000,0x00000000,0x00000000,0x00000000,0x00000000,0x00000000,
  0x00000000,0x00000000,0x00000000,0x00000000,0x00000000,0x00000000,0x00000000,0x00000000,
  0x00000000,0x03FFFFFF,0x03FFFFFF,0x04FFFFFF,0x03FFFFFF,0x00000000,0x00000000,0x00000000,
  0x16FFFFFF,0x82FFFFFF,0xFAFFFFFF,0xFFFFFFFF,0xF9FFFFFF,0xFFFFFFFF,0x9AFFFFFF,0x00000000,
  0x02FFFFFF,0x01FFFFFF,0x00000000,0x00000000,0x00000000,0x00000000,0x00000000,0x00000000,
  0x03FFFFFF,0x00000000,0xAAFFFFFF,0xFFFFFFFF,0xFCFFFFFF,0xEDFFFFFF,0x16FFFFFF,0x01FFFFFF,
  0x01FFFFFF,0x00000000,0x00000000,0x00000000,0x00000000,0x00000000,0x00000000,0x00000000,
  0x00000000,0x00000000,0x00000000,0x00000000,0x00000000,0x00000000,0x00000000,0x00000000,
  0x00000000,0x04FFFFFF,0x00000000,0x80FFFFFF,0xFFFFFFFF,0xF8FFFFFF,0xFFFFFFFF,0x41FFFFFF,
  0x00000000,0x03FFFFFF,0x00000000,0x00000000,0x00000000,0x00000000,0x00000000,0x00000000,
  0x00000000,0x00000000,0x00000000,0x00000000,0x00000000,0x00000000,0x00000000,0x00000000,
  0x00000000,0x00000000,0x00000000,0x00000000,0x00000000,0x01FFFFFF,0x02FFFFFF,0x04FFFFFF,
  0x00000000,0x00000000,0x3BFFFFFF,0xDAFFFFFF,0xFFFFFFFF,0xF7FFFFFF,0xFFFFFFFF,0x9AFFFFFF,
  0x00000000,0x03FFFFFF,0x00000000,0x00000000,0x00000000,0x00000000,0x00000000,0x00000000,
  0x02FFFFFF,0x01FFFFFF,0x25FFFFFF,0xF7FFFFFF,0xFBFFFFFF,0xFFFFFFFF,0x73FFFFFF,0x00000000,
  0x04FFFFFF,0x00000000,0x00000000,0x00000000,0x00000000,0x00000000,0x00000000,0x00000000,
  0x00000000,0x00000000,0x00000000,0x00000000,0x00000000,0x00000000,0x00000000,0x00000000,
  0x00000000,0x04FFFFFF,0x00000000,0x80FFFFFF,0xFFFFFFFF,0xF8FFFFFF,0xFFFFFFFF,0x41FFFFFF,
  0x00000000,0x03FFFFFF,0x00000000,0x00000000,0x00000000,0x00000000,0x00000000,0x00000000,
  0x00000000,0x00000000,0x00000000,0x00000000,0x00000000,0x00000000,0x00000000,0x00000000,
  0x00000000,0x04FFFFFF,0x04FFFFFF,0x03FFFFFF,0x01FFFFFF,0x00000000,0x00000000,0x00000000,
  0x01FFFFFF,0x04FFFFFF,0x00000000,0x12FFFFFF,0xCAFFFFFF,0xFFFFFFFF,0xF6FFFFFF,0xFFFFFFFF,
  0x80FFFFFF,0x00000000,0x04FFFFFF,0x00000000,0x00000000,0x00000000,0x00000000,0x00000000,
  0x00000000,0x03FFFFFF,0x00000000,0xA6FFFFFF,0xFFFFFFFF,0xFEFFFFFF,0xD4FFFFFF,0x04FFFFFF,
  0x01FFFFFF,0x00000000,0x00000000,0x00000000,0x00000000,0x00000000,0x00000000,0x00000000,
  0x00000000,0x00000000,0x00000000,0x00000000,0x00000000,0x00000000,0x00000000,0x00000000,
  0x00000000,0x04FFFFFF,0x00000000,0x80FFFFFF,0xFFFFFFFF,0xF8FFFFFF,0xFFFFFFFF,0x41FFFFFF,
  0x00000000,0x03FFFFFF,0x00000000,0x00000000,0x00000000,0x00000000,0x00000000,0x00000000,
  0x00000000,0x00000000,0x00000000,0x00000000,0x00000000,0x00000000,0x00000000,0x00000000,
  0x00000000,0x00000000,0x00000000,0x00000000,0x00000000,0x03FFFFFF,0x01FFFFFF,0x00000000,
  0x00000000,0x00000000,0x04FFFFFF,0x00000000,0x11FFFFFF,0xCAFFFFFF,0xFFFFFFFF,0xF8FFFFFF,
  0xFFFFFFFF,0x43FFFFFF,0x00000000,0x03FFFFFF,0x00000000,0x00000000,0x00000000,0x00000000,
  0x00000000,0x03FFFFFF,0x01FFFFFF,0x40FFFFFF,0xFDFFFFFF,0xFDFFFFFF,0xFFFFFFFF,0x42FFFFFF,
  0x00000000,0x03FFFFFF,0x00000000,0x00000000,0x00000000,0x00000000,0x00000000,0x00000000,
  0x00000000,0x00000000,0x00000000,0x00000000,0x00000000,0x00000000,0x00000000,0x00000000,
  0x00000000,0x04FFFFFF,0x00000000,0x80FFFFFF,0xFFFFFFFF,0xF8FFFFFF,0xFFFFFFFF,0x41FFFFFF,
  0x00000000,0x03FFFFFF,0x00000000,0x00000000,0x00000000,0x00000000,0x00000000,0x00000000,
  0x00000000,0x00000000,0x00000000,0x00000000,0x00000000,0x00000000,0x01FFFFFF,0x00000000,
  0x08FFFFFF,0x7AFFFFFF,0x71FFFFFF,0x35FFFFFF,0x03FFFFFF,0x00000000,0x00000000,0x02FFFFFF,
  0x00000000,0x00000000,0x00000000,0x03FFFFFF,0x00000000,0x16FFFFFF,0xE8FFFFFF,0xFDFFFFFF,
  0xFDFFFFFF,0xDCFFFFFF,0x0FFFFFFF,0x02FFFFFF,0x01FFFFFF,0x00000000,0x00000000,0x00000000,
  0x00000000,0x00000000,0x02FFFFFF,0x00000000,0xC8FFFFFF,0xFFFFFFFF,0xFFFFFFFF,0xA2FFFFFF,
  0x00000000,0x03FFFFFF,0x00000000,0x00000000,0x00000000,0x00000000,0x00000000,0x00000000,
  0x00000000,0x00000000,0x00000000,0x00000000,0x00000000,0x00000000,0x00000000,0x00000000,
  0x00000000,0x04FFFFFF,0x00000000,0x80FFFFFF,0xFFFFFFFF,0xF8FFFFFF,0xFFFFFFFF,0x41FFFFFF,
  0x00000000,0x03FFFFFF,0x00000000,0x00000000,0x00000000,0x00000000,0x00000000,0x00000000,
  0x00000000,0x00000000,0x00000000,0x00000000,0x00000000,0x00000000,0x01FFFFFF,0x00000000,
  0x12FFFFFF,0xFFFFFFFF,0xFFFFFFFF,0xFFFFFFFF,0xD5FFFFFF,0x80FFFFFF,0x0FFFFFFF,0x00000000,
  0x03FFFFFF,0x00000000,0x00000000,0x00000000,0x04FFFFFF,0x00000000,0x45FFFFFF,0xFDFFFFFF,
  0xF9FFFFFF,0xFFFFFFFF,0x80FFFFFF,0x00000000,0x03FFFFFF,0x00000000,0x00000000,0x00000000,
  0x00000000,0x00000000,0x04FFFFFF,0x00000000,0x74FFFFFF,0xFFFFFFFF,0xFFFFFFFF,0xE4FFFFFF,
  0x0BFFFFFF,0x00000000,0x01FFFFFF,0x00000000,0x00000000,0x00000000,0x00000000,0x00000000,
  0x00000000,0x00000000,0x00000000,0x00000000,0x00000000,0x00000000,0x00000000,0x00000000,
  0x00000000,0x04FFFFFF,0x00000000,0x80FFFFFF,0xFFFFFFFF,0xF8FFFFFF,0xFFFFFFFF,0x41FFFFFF,
  0x00000000,0x03FFFFFF,0x00000000,0x00000000,0x00000000,0x00000000,0x00000000,0x00000000,
  0x00000000,0x00000000,0x00000000,0x00000000,0x00000000,0x00000000,0x01FFFFFF,0x00000000,
  0x11FFFFFF,0xEAFFFFFF,0xFBFFFFFF,0xFDFFFFFF,0xFFFFFFFF,0xFFFFFFFF,0xD9FFFFFF,0x3BFFFFFF,
  0x00000000,0x04FFFFFF,0x00000000,0x00000000,0x00000000,0x04FFFFFF,0x00000000,0xA1FFFFFF,
  0xFFFFFFFF,0xFCFFFFFF,0xEBFFFFFF,0x14FFFFFF,0x01FFFFFF,0x01FFFFFF,0x00000000,0x00000000,
  0x00000000,0x00000000,0x03FFFFFF,0x00000000,0x33FFFFFF,0xFEFFFFFF,0xFDFFFFFF,0xFCFFFFFF,
  0x33FFFFFF,0x00000000,0x02FFFFFF,0x00000000,0x00000000,0x00000000,0x00000000,0x00000000,
  0x00000000,0x00000000,0x00000000,0x00000000,0x00000000,0x00000000,0x00000000,0x00000000,
  0x00000000,0x04FFFFFF,0x00000000,0x80FFFFFF,0xFFFFFFFF,0xF8FFFFFF,0xFFFFFFFF,0x41FFFFFF,
  0x00000000,0x03FFFFFF,0x00000000,0x00000000,0x00000000,0x00000000,0x00000000,0x00000000,
  0x00000000,0x00000000,0x00000000,0x00000000,0x00000000,0x00000000,0x01FFFFFF,0x00000000,
  0x11FFFFFF,0xEEFFFFFF,0xFFFFFFFF,0xFEFFFFFF,0xFDFFFFFF,0xFBFFFFFF,0xFFFFFFFF,0xFBFFFFFF,
  0x5FFFFFFF,0x00000000,0x03FFFFFF,0x00000000,0x00000000,0x02FFFFFF,0x01FFFFFF,0x27FFFFFF,
  0xF6FFFFFF,0xFCFFFFFF,0xFFFFFFFF,0x65FFFFFF,0x00000000,0x04FFFFFF,0x00000000,0x00000000,
  0x00000000,0x00000000,0x00000000,0x01FFFFFF,0x07FFFFFF,0xD8FFFFFF,0xFFFFFFFF,0xFFFFFFFF,
  0x70FFFFFF,0x00000000,0x04FFFFFF,0x00000000,0x00000000,0x00000000,0x00000000,0x00000000,
  0x00000000,0x00000000,0x00000000,0x00000000,0x00000000,0x00000000,0x00000000,0x00000000,
  0x00000000,0x04FFFFFF,0x00000000,0x80FFFFFF,0xFFFFFFFF,0xF8FFFFFF,0xFFFFFFFF,0x41FFFFFF,
  0x00000000,0x03FFFFFF,0x00000000,0x00000000,0x00000000,0x00000000,0x00000000,0x00000000,
  0x00000000,0x00000000,0x00000000,0x00000000,0x00000000,0x00000000,0x01FFFFFF,0x00000000,
  0x11FFFFFF,0xEEFFFFFF,0xFFFFFFFF,0xFEFFFFFF,0xFFFFFFFF,0xFFFFFFFF,0xFCFFFFFF,0xFEFFFFFF,
  0xF5FFFFFF,0x2EFFFFFF,0x00000000,0x02FFFFFF,0x00000000,0x00000000,0x03FFFFFF,0x00000000,
  0xB2FFFFFF,0xFFFFFFFF,0xFFFFFFFF,0xC9FFFFFF,0x03FFFFFF,0x02FFFFFF,0x00000000,0x00000000,
  0x01FFFFFF,0x01FFFFFF,0x01FFFFFF,0x04FFFFFF,0x00000000,0xADFFFFFF,0xFFFFFFFF,0xFFFFFFFF,
  0xAEFFFFFF,0x00000000,0x04FFFFFF,0x01FFFFFF,0x01FFFFFF,0x01FFFFFF,0x01FFFFFF,0x01FFFFFF,
  0x01FFFFFF,0x01FFFFFF,0x01FFFFFF,0x01FFFFFF,0x01FFFFFF,0x01FFFFFF,0x01FFFFFF,0x01FFFFFF,
  0x01FFFFFF,0x05FFFFFF,0x01FFFFFF,0x81FFFFFF,0xFFFFFFFF,0xF8FFFFFF,0xFFFFFFFF,0x41FFFFFF,
  0x00000000,0x03FFFFFF,0x00000000,0x00000000,0x00000000,0x00000000,0x00000000,0x00000000,
  0x00000000,0x00000000,0x00000000,0x00000000,0x00000000,0x00000000,0x01FFFFFF,0x00000000,
  0x11FFFFFF,0xEEFFFFFF,0xFFFFFFFF,0xFEFFFFFF,0xFFFFFFFF,0xFFFFFFFF,0xFFFFFFFF,0xFCFFFFFF,
  0xFFFFFFFF,0xCFFFFFFF,0x08FFFFFF,0x02FFFFFF,0x01FFFFFF,0x00000000,0x03FFFFFF,0x01FFFFFF,
  0x50FFFFFF,0xFFFFFFFF,0xFDFFFFFF,0xF4FFFFFF,0x1BFFFFFF,0x00000000,0x02FFFFFF,0x00000000,
  0x00000000,0x00000000,0x00000000,0x00000000,0x00000000,0x77FFFFFF,0xFFFFFFFF,0xFFFFFFFF,
  0xCDFFFFFF,0x00000000,0x00000000,0x00000000,0x00000000,0x00000000,0x00000000,0x00000000,
  0x00000000,0x00000000,0x00000000,0x00000000,0x00000000,0x00000000,0x00000000,0x00000000,
  0x00000000,0x00000000,0x00000000,0x7EFFFFFF,0xFFFFFFFF,0xF8FFFFFF,0xFFFFFFFF,0x40FFFFFF,
  0x00000000,0x03FFFFFF,0x00000000,0x00000000,0x00000000,0x00000000,0x00000000,0x00000000,
  0x00000000,0x00000000,0x00000000,0x00000000,0x00000000,0x00000000,0x01FFFFFF,0x00000000,
  0x11FFFFFF,0xEEFFFFFF,0xFFFFFFFF,0xFEFFFFFF,0xFFFFFFFF,0xFFFFFFFF,0xFFFFFFFF,0xFFFFFFFF,
  0xFBFFFFFF,0xFFFFFFFF,0x5BFFFFFF,0x00000000,0x04FFFFFF,0x00000000,0x01FFFFFF,0x00000000,
  0x1BFFFFFF,0xF3FFFFFF,0xFDFFFFFF,0xFFFFFFFF,0x54FFFFFF,0x00000000,0x03FFFFFF,0x04FFFFFF,
  0x11FFFFFF,0x10FFFFFF,0x11FFFFFF,0x13FFFFFF,0x11FFFFFF,0x52FFFFFF,0xFFFFFFFF,0xFFFFFFFF,
  0xF1FFFFFF,0x21FFFFFF,0x10FFFFFF,0x11FFFFFF,0x11FFFFFF,0x11FFFFFF,0x11FFFFFF,0x11FFFFFF,
  0x11FFFFFF,0x11FFFFFF,0x11FFFFFF,0x11FFFFFF,0x11FFFFFF,0x11FFFFFF,0x11FFFFFF,0x11FFFFFF,
  0x11FFFFFF,0x14FFFFFF,0x11FFFFFF,0x88FFFFFF,0xFFFFFFFF,0xF8FFFFFF,0xFFFFFFFF,0x44FFFFFF,
  0x00000000,0x03FFFFFF,0x00000000,0x00000000,0x00000000,0x00000000,0x00000000,0x00000000,
  0x00000000,0x00000000,0x00000000,0x00000000,0x00000000,0x00000000,0x01FFFFFF,0x00000000,
  0x11FFFFFF,0xEEFFFFFF,0xFFFFFFFF,0xFEFFFFFF,0xFFFFFFFF,0xFFFFFFFF,0xFFFFFFFF,0xFFFFFFFF,
  0xFCFFFFFF,0xFEFFFFFF,0xB6FFFFFF,0x00000000,0x02FFFFFF,0x00000000,0x00000000,0x01FFFFFF,
  0x03FFFFFF,0xCEFFFFFF,0xFFFFFFFF,0xFFFFFFFF,0x7EFFFFFF,0x00000000,0x00000000,0x3DFFFFFF,
  0xEEFFFFFF,0xEDFFFFFF,0xEEFFFFFF,0xEFFFFFFF,0xEEFFFFFF,0xF2FFFFFF,0xFFFFFFFF,0xFFFFFFFF,
  0xFDFFFFFF,0xEFFFFFFF,0xEFFFFFFF,0xEFFFFFFF,0xEEFFFFFF,0xEEFFFFFF,0xEEFFFFFF,0xEEFFFFFF,
  0xEEFFFFFF,0xEEFFFFFF,0xEEFFFFFF,0xEEFFFFFF,0xEEFFFFFF,0xEEFFFFFF,0xEEFFFFFF,0xEEFFFFFF,
  0xEEFFFFFF,0xEFFFFFFF,0xEEFFFFFF,0xF7FFFFFF,0xFFFFFFFF,0xFCFFFFFF,0xFCFFFFFF,0x2AFFFFFF,
  0x00000000,0x02FFFFFF,0x00000000,0x00000000,0x00000000,0x00000000,0x00000000,0x00000000,
  0x00000000,0x00000000,0x00000000,0x00000000,0x00000000,0x00000000,0x01FFFFFF,0x00000000,
  0x11FFFFFF,0xEBFFFFFF,0xFCFFFFFF,0xFBFFFFFF,0xFCFFFFFF,0xFCFFFFFF,0xFCFFFFFF,0xFCFFFFFF,
  0xFBFFFFFF,0xFCFFFFFF,0xEBFFFFFF,0x12FFFFFF,0x00000000,0x01FFFFFF,0x00000000,0x03FFFFFF,
  0x00000000,0x9BFFFFFF,0xFCFFFFFF,0xFCFFFFFF,0x9CFFFFFF,0x00000000,0x00000000,0x41FFFFFF,
  0xFFFFFFFF,0xFEFFFFFF,0xFFFFFFFF,0xFFFFFFFF,0xFFFFFFFF,0xFFFFFFFF,0xFCFFFFFF,0xFCFFFFFF,
  0xFCFFFFFF,0xFFFFFFFF,0xFFFFFFFF,0xFFFFFFFF,0xFFFFFFFF,0xFFFFFFFF,0xFFFFFFFF,0xFFFFFFFF,
  0xFFFFFFFF,0xFFFFFFFF,0xFFFFFFFF,0xFFFFFFFF,0xFFFFFFFF,0xFFFFFFFF,0xFFFFFFFF,0xFFFFFFFF,
  0xFFFFFFFF,0xFFFFFFFF,0xFFFFFFFF,0xFEFFFFFF,0xF8FFFFFF,0xFFFFFFFF,0xBAFFFFFF,0x01FFFFFF,
  0x02FFFFFF,0x00000000,0x00000000,0x00000000,0x00000000,0x00000000,0x00000000,0x00000000,
  0x00000000,0x00000000,0x00000000,0x00000000,0x00000000,0x00000000,0x01FFFFFF,0x00000000,
  0x12FFFFFF,0xFBFFFFFF,0xFFFFFFFF,0xFFFFFFFF,0xFFFFFFFF,0xFFFFFFFF,0xFFFFFFFF,0xFFFFFFFF,
  0xFFFFFFFF,0xFFFFFFFF,0xFFFFFFFF,0x42FFFFFF,0x00000000,0x03FFFFFF,0x00000000,0x04FFFFFF,
  0x00000000,0x83FFFFFF,0xFFFFFFFF,0xFFFFFFFF,0xCDFFFFFF,0x00000000,0x00000000,0x44FFFFFF,
  0xFFFFFFFF,0xFFFFFFFF,0xFFFFFFFF,0xFFFFFFFF,0xFFFFFFFF,0xFFFFFFFF,0xFFFFFFFF,0xFFFFFFFF,
  0xFFFFFFFF,0xFFFFFFFF,0xFFFFFFFF,0xFFFFFFFF,0xFFFFFFFF,0xFFFFFFFF,0xFFFFFFFF,0xFFFFFFFF,
  0xFFFFFFFF,0xFFFFFFFF,0xFFFFFFFF,0xFFFFFFFF,0xFFFFFFFF,0xFFFFFFFF,0xFFFFFFFF,0xFFFFFFFF,
  0xFFFFFFFF,0xFFFFFFFF,0xFFFFFFFF,0xFFFFFFFF,0xFFFFFFFF,0xD9FFFFFF,0x24FFFFFF,0x01FFFFFF,
  0x02FFFFFF,0x00000000,0x00000000,0x00000000,0x00000000,0x00000000,0x00000000,0x00000000,
  0x00000000,0x00000000,0x00000000,0x00000000,0x00000000,0x00000000,0x01FFFFFF,0x00000000,
  0x0DFFFFFF,0xB1FFFFFF,0xBEFFFFFF,0xBDFFFFFF,0xBEFFFFFF,0xBEFFFFFF,0xBEFFFFFF,0xBEFFFFFF,
  0xBEFFFFFF,0xBCFFFFFF,0xBEFFFFFF,0x31FFFFFF,0x00000000,0x02FFFFFF,0x00000000,0x03FFFFFF,
  0x00000000,0x60FFFFFF,0xBEFFFFFF,0xBEFFFFFF,0x8CFFFFFF,0x00000000,0x00000000,0x30FFFFFF,
  0xBEFFFFFF,0xBCFFFFFF,0xBEFFFFFF,0xBEFFFFFF,0xBEFFFFFF,0xBEFFFFFF,0xBEFFFFFF,0xBEFFFFFF,
  0xBEFFFFFF,0xBEFFFFFF,0xBEFFFFFF,0xBEFFFFFF,0xBEFFFFFF,0xBEFFFFFF,0xBEFFFFFF,0xBEFFFFFF,
  0xBEFFFFFF,0xBEFFFFFF,0xBEFFFFFF,0xBEFFFFFF,0xBEFFFFFF,0xBEFFFFFF,0xBEFFFFFF,0xBEFFFFFF,
  0xBEFFFFFF,0xBDFFFFFF,0xBDFFFFFF,0xB9FFFFFF,0x74FFFFFF,0x0FFFFFFF,0x00000000,0x01FFFFFF,
  0x00000000,0x00000000,0x00000000,0x00000000,0x00000000,0x00000000,0x00000000,0x00000000,
  0x00000000,0x00000000,0x00000000,0x00000000,0x00000000,0x00000000,0x00000000,0x00000000,
  0x00000000,0x00000000,0x00000000,0x00000000,0x00000000,0x00000000,0x00000000,0x00000000,
  0x00000000,0x00000000,0x00000000,0x00000000,0x00000000,0x00000000,0x00000000,0x00000000,
  0x00000000,0x00000000,0x00000000,0x00000000,0x00000000,0x00000000,0x00000000,0x00000000,
  0x00000000,0x00000000,0x00000000,0x00000000,0x00000000,0x00000000,0x00000000,0x00000000,
  0x00000000,0x00000000,0x00000000,0x00000000,0x00000000,0x00000000,0x00000000,0x00000000,
  0x00000000,0x00000000,0x00000000,0x00000000,0x00000000,0x00000000,0x00000000,0x00000000,
  0x00000000,0x00000000,0x00000000,0x00000000,0x00000000,0x00000000,0x01FFFFFF,0x00000000,
  0x00000000,0x00000000,0x00000000,0x00000000,0x00000000,0x00000000,0x00000000,0x00000000,
  0x00000000,0x00000000,0x00000000,0x00000000,0x00000000,0x00000000,0x00000000,0x00000000,
  0x00000000,0x02FFFFFF,0x02FFFFFF,0x02FFFFFF,0x02FFFFFF,0x02FFFFFF,0x02FFFFFF,0x02FFFFFF,
  0x02FFFFFF,0x02FFFFFF,0x02FFFFFF,0x01FFFFFF,0x00000000,0x00000000,0x00000000,0x00000000,
  0x00000000,0x01FFFFFF,0x02FFFFFF,0x02FFFFFF,0x02FFFFFF,0x00000000,0x00000000,0x01FFFFFF,
  0x02FFFFFF,0x02FFFFFF,0x02FFFFFF,0x02FFFFFF,0x02FFFFFF,0x02FFFFFF,0x02FFFFFF,0x02FFFFFF,
  0x02FFFFFF,0x02FFFFFF,0x02FFFFFF,0x02FFFFFF,0x02FFFFFF,0x02FFFFFF,0x02FFFFFF,0x02FFFFFF,
  0x02FFFFFF,0x02FFFFFF,0x02FFFFFF,0x02FFFFFF,0x02FFFFFF,0x02FFFFFF,0x02FFFFFF,0x02FFFFFF,
  0x02FFFFFF,0x02FFFFFF,0x02FFFFFF,0x03FFFFFF,0x04FFFFFF,0x01FFFFFF,0x00000000,0x00000000,
  0x00000000,0x00000000,0x00000000,0x00000000,0x00000000,0x00000000,0x00000000,0x00000000,
  0x00000000,0x00000000,0x00000000,0x00000000,0x00000000,0x00000000,0x00000000,0x00000000,
  0x00000000,0x00000000,0x00000000,0x00000000,0x00000000,0x00000000,0x00000000,0x00000000,
  0x00000000,0x00000000,0x00000000,0x00000000,0x00000000,0x00000000,0x00000000,0x00000000,
  0x00000000,0x00000000,0x00000000,0x00000000,0x00000000,0x00000000,0x00000000,0x00000000,
  0x00000000,0x00000000,0x00000000,0x00000000,0x00000000,0x00000000,0x00000000,0x00000000,
  0x00000000,0x00000000,0x00000000,0x00000000,0x00000000,0x00000000,0x00000000,0x00000000,
  0x00000000,0x00000000,0x00000000,0x00000000,0x00000000,0x00000000,0x00000000,0x00000000,
  0x00000000,0x00000000,0x00000000,0x00000000,0x00000000,0x00000000,0x00000000,0x00000000,
  0x00000000,0x00000000,0x00000000,0x00000000,0x00000000,0x00000000,0x00000000,0x00000000,
  0x00000000,0x00000000,0x00000000,0x00000000,0x00000000,0x00000000,0x00000000,0x00000000,
  0x00000000,0x00000000,0x00000000,0x00000000,0x00000000,0x00000000,0x00000000,0x00000000,
  0x00000000,0x00000000,0x00000000,0x00000000,0x00000000,0x00000000,0x00000000,0x00000000,
  0x00000000,0x00000000,0x00000000,0x00000000,0x00000000,0x00000000,0x00000000,0x00000000,
  0x00000000,0x00000000,0x00000000,0x00000000,0x00000000,0x00000000,0x00000000,0x00000000,
  0x00000000,0x00000000,0x00000000,0x00000000,0x00000000,0x00000000,0x00000000,0x00000000,
  0x00000000,0x00000000,0x00000000,0x00000000,0x00000000,0x00000000,0x00000000,0x00000000,
  0x00000000,0x00000000,0x00000000,0x00000000,0x00000000,0x00000000,0x00000000,0x00000000,
  0x00000000,0x00000000,0x00000000,0x00000000,0x00000000,0x00000000,0x00000000,0x00000000,
  0x00000000,0x00000000,0x00000000,0x00000000,0x00000000,0x00000000,0x00000000,0x00000000,
  0x00000000,0x00000000,0x00000000,0x00000000,0x00000000,0x00000000,0x00000000,0x00000000,
  0x00000000,0x00000000,0x00000000,0x00000000,0x00000000,0x00000000,0x00000000,0x00000000,
  0x00000000,0x00000000,0x00000000,0x00000000,0x00000000,0x00000000,0x00000000,0x00000000,
  0x00000000,0x00000000,0x00000000,0x00000000,0x00000000,0x00000000,0x00000000,0x00000000,
  0x00000000,0x00000000,0x00000000,0x00000000,0x00000000,0x00000000,0x00000000,0x00000000,
  0x00000000,0x00000000,0x00000000,0x00000000,0x00000000,0x00000000,0x00000000,0x00000000,
  0x00000000,0x00000000,0x00000000,0x00000000,0x00000000,0x00000000,0x00000000,0x00000000,
  0x00000000,0x00000000,0x00000000,0x00000000,0x00000000,0x00000000,0x00000000,0x00000000,
  0x00000000,0x00000000,0x00000000,0x00000000,0x00000000,0x00000000,0x00000000,0x00000000,
  0x00000000,0x00000000,0x00000000,0x00000000,0x00000000,0x00000000,0x00000000,0x00000000,
  0x00000000,0x00000000,0x00000000,0x00000000,0x00000000,0x00000000,0x00000000,0x00000000,
  0x00000000,0x00000000,0x00000000,0x00000000,0x00000000,0x00000000,0x00000000,0x00000000,
  0x00000000,0x00000000,0x00000000,0x00000000,0x00000000,0x00000000,0x00000000,0x00000000,
  0x00000000,0x00000000,0x00000000,0x00000000,0x00000000,0x00000000,0x00000000,0x00000000,
  0x00000000,0x00000000,0x00000000,0x00000000,0x00000000,0x00000000,0x00000000,0x00000000,
  0x00000000,0x00000000,0x00000000,0x00000000,0x00000000,0x00000000,0x00000000,0x00000000,
  0x00000000,0x00000000,0x00000000,0x00000000,0x00000000,0x00000000,0x00000000,0x00000000,
  0x00000000,0x00000000,0x00000000,0x00000000,0x00000000,0x00000000,0x00000000,0x00000000,
  0x00000000,0x00000000,0x00000000,0x00000000,0x00000000,0x00000000,0x00000000,0x00000000,
  0x00000000,0x00000000,0x00000000,0x00000000,0x00000000,0x00000000,0x00000000,0x00000000,
  0x00000000,0x00000000,0x00000000,0x00000000,0x00000000,0x00000000,0x00000000,0x00000000,
  0x00000000,0x00000000,0x00000000,0x00000000,0x00000000,0x00000000,0x00000000,0x00000000,
  0x00000000,0x00000000,0x00000000,0x00000000,0x00000000,0x00000000,0x00000000,0x00000000,
  0x00000000,0x00000000,0x00000000,0x00000000,0x00000000,0x00000000,0x00000000,0x00000000,
  0x00000000,0x00000000,0x00000000,0x00000000,0x00000000,0x00000000,0x00000000,0x00000000,
  0x00000000,0x00000000,0x00000000,0x00000000,0x00000000,0x00000000,0x00000000,0x00000000,
  0x00000000,0x00000000,0x00000000,0x00000000,0x00000000,0x00000000,0x00000000,0x00000000,
  0x00000000,0x00000000,0x00000000,0x00000000,0x00000000,0x00000000,0x00000000,0x00000000,
  0x00000000,0x00000000,0x00000000,0x00000000,0x00000000,0x00000000,0x00000000,0x00000000,
  0x00000000,0x00000000,0x00000000,0x00000000,0x00000000,0x00000000,0x00000000,0x00000000,
  0x00000000,0x00000000,0x00000000,0x00000000,0x00000000,0x00000000,0x00000000,0x00000000,
  0x00000000,0x00000000,0x00000000,0x00000000,0x00000000,0x00000000,0x00000000,0x00000000,
  0x00000000,0x00000000,0x00000000,0x00000000,0x00000000,0x00000000,0x00000000,0x00000000,
  0x00000000,0x00000000,0x00000000,0x00000000,0x00000000,0x00000000,0x00000000,0x00000000,
  0x00000000,0x00000000,0x00000000,0x00000000,0x00000000,0x00000000,0x00000000,0x00000000,
  0x00000000,0x00000000,0x00000000,0x00000000,0x00000000,0x00000000,0x00000000,0x00000000,
  0x00000000,0x00000000,0x00000000,0x00000000,0x00000000,0x00000000,0x00000000,0x00000000,
  0x00000000,0x00000000,0x00000000,0x00000000,0x00000000,0x00000000,0x00000000,0x00000000,
  0x00000000,0x00000000,0x00000000,0x00000000,0x00000000,0x00000000,0x00000000,0x00000000,
  0x00000000,0x00000000,0x00000000,0x00000000,0x00000000,0x00000000,0x00000000,0x00000000,
  0x00000000,0x00000000,0x00000000,0x00000000,0x00000000,0x00000000,0x00000000,0x00000000,
  0x00000000,0x00000000,0x00000000,0x00000000,0x00000000,0x00000000,0x00000000,0x00000000,
  0x00000000,0x00000000,0x00000000,0x00000000,0x00000000,0x00000000,0x00000000,0x00000000,
  0x00000000,0x00000000,0x00000000,0x00000000,0x00000000,0x00000000,0x00000000,0x00000000,
  0x00000000,0x00000000,0x00000000,0x00000000,0x00000000,0x00000000,0x00000000,0x00000000,
  0x00000000,0x00000000,0x00000000,0x00000000,0x00000000,0x00000000,0x00000000,0x00000000,
  0x00000000,0x00000000,0x00000000,0x00000000,0x00000000,0x00000000,0x00000000,0x00000000,
  0x00000000,0x00000000,0x00000000,0x00000000,0x00000000,0x00000000,0x00000000,0x00000000,
  0x00000000,0x00000000,0x00000000,0x00000000,0x00000000,0x00000000,0x00000000,0x00000000,
  0x00000000,0x00000000,0x00000000,0x00000000,0x00000000,0x00000000,0x00000000,0x00000000,
  0x00000000,0x00000000,0x00000000,0x00000000,0x00000000,0x00000000,0x00000000,0x00000000,
  0x00000000,0x00000000,0x00000000,0x00000000,0x00000000,0x00000000,0x00000000,0x00000000,
  0x00000000,0x00000000,0x00000000,0x00000000,0x00000000,0x00000000,0x00000000,0x00000000,
  0x00000000,0x00000000,0x00000000,0x00000000,0x00000000,0x00000000,0x00000000,0x00000000,
  0x00000000,0x00000000,0x00000000,0x00000000,0x00000000,0x00000000,0x00000000,0x00000000,
  0x00000000,0x00000000,0x00000000,0x00000000,0x00000000,0x00000000,0x00000000,0x00000000,
  0x00000000,0x00000000,0x00000000,0x00000000,0x00000000,0x00000000,0x00000000,0x00000000,
  0x00000000,0x00000000,0x00000000,0x00000000,0x00000000,0x00000000,0x00000000,0x00000000,
  0x00000000,0x00000000,0x00000000,0x00000000,0x00000000,0x00000000,0x00000000,0x00000000,
  0x00000000,0x00000000,0x00000000,0x00000000,0x00000000,0x00000000,0x00000000,0x00000000,
  0x00000000,0x00000000,0x00000000,0x00000000,0x00000000,0x00000000,0x00000000,0x00000000,
  0x00000000,0x00000000,0x00000000,0x00000000,0x00000000,0x00000000,0x00000000,0x00000000,
  0x00000000,0x00000000,0x00000000,0x00000000,0x00000000,0x00000000,0x00000000,0x00000000,
  0x00000000,0x00000000,0x00000000,0x00000000,0x00000000,0x00000000,0x00000000,0x00000000,
  0x00000000,0x00000000,0x00000000,0x00000000,0x00000000,0x00000000,0x00000000,0x00000000,
  0x00000000,0x00000000,0x00000000,0x00000000,0x00000000,0x00000000,0x00000000,0x00000000,
  0x00000000,0x00000000,0x00000000,0x00000000,0x00000000,0x00000000,0x00000000,0x00000000,
  0x00000000,0x00000000,0x00000000,0x00000000,0x00000000,0x00000000,0x00000000,0x00000000,
  0x00000000,0x00000000,0x00000000,0x00000000,0x00000000,0x00000000,0x00000000,0x00000000,
  0x00000000,0x00000000,0x00000000,0x00000000,0x00000000,0x00000000,0x00000000,0x00000000,
  0x00000000,0x00000000,0x00000000,0x00000000,0x00000000,0x00000000,0x00000000,0x00000000,
  0x00000000,0x00000000,0x00000000,0x00000000,0x00000000,0x00000000,0x00000000,0x00000000,
  0x00000000,0x00000000,0x00000000,0x00000000,0x00000000,0x00000000,0x00000000,0x00000000,
  0x00000000,0x00000000,0x00000000,0x00000000,0x00000000,0x00000000,0x00000000,0x00000000,
  0x00000000,0x00000000,0x00000000,0x00000000,0x00000000,0x00000000,0x00000000,0x00000000,
  0x00000000,0x00000000,0x00000000,0x00000000,0x00000000,0x00000000,0x00000000,0x00000000,
  0x00000000,0x00000000,0x00000000,0x00000000,0x00000000,0x00000000,0x00000000,0x00000000,
  0x00000000,0x00000000,0x00000000,0x00000000,0x00000000,0x00000000,0x00000000,0x00000000,
  0x00000000,0x00000000,0x00000000,0x00000000,0x00000000,0x00000000,0x00000000,0x00000000,
  0x00000000,0x00000000,0x00000000,0x00000000,0x00000000,0x00000000,0x00000000,0x00000000,
  0x00000000,0x00000000,0x00000000,0x00000000,0x00000000,0x00000000,0x00000000,0x00000000,
  0x00000000,0x00000000,0x00000000,0x00000000,0x00000000,0x00000000,0x00000000,0x00000000,
  0x00000000,0x00000000,0x00000000,0x00000000,0x00000000,0x00000000,0x00000000,0x00000000,
  0x00000000,0x00000000,0x00000000,0x00000000,0x00000000,0x00000000,0x00000000,0x00000000,
  0x00000000,0x00000000,0x00000000,0x00000000,0x00000000,0x00000000,0x00000000,0x00000000,
  0x00000000,0x00000000,0x00000000,0x00000000,0x00000000,0x00000000,0x00000000,0x00000000,
  0x00000000,0x00000000,0x00000000,0x00000000,0x00000000,0x00000000,0x00000000,0x00000000,
  0x00000000,0x00000000,0x00000000,0x00000000,0x00000000,0x00000000,0x00000000,0x00000000,
  0x00000000,0x00000000,0x00000000,0x00000000,0x00000000,0x00000000,0x00000000,0x00000000,
  0x00000000,0x00000000,0x00000000,0x00000000,0x00000000,0x00000000,0x00000000,0x00000000,
  0x00000000,0x00000000,0x00000000,0x00000000,0x00000000,0x00000000,0x00000000,0x00000000,
  0x00000000,0x00000000,0x00000000,0x00000000,0x00000000,0x00000000,0x00000000,0x00000000,
  0x00000000,0x00000000,0x00000000,0x00000000,0x00000000,0x00000000,0x00000000,0x00000000,
  0x00000000,0x00000000,0x00000000,0x00000000,0x00000000,0x00000000,0x00000000,0x00000000,
  0x00000000,0x00000000,0x00000000,0x00000000,0x00000000,0x00000000,0x00000000,0x00000000,
  0x00000000,0x00000000,0x00000000,0x00000000,0x00000000,0x00000000,0x00000000,0x00000000,
  0x00000000,0x00000000,0x00000000,0x00000000,0x00000000,0x00000000,0x00000000,0x00000000,
  0x00000000,0x00000000,0x00000000,0x00000000,0x00000000,0x00000000,0x00000000,0x00000000,
  0x00000000,0x00000000,0x00000000,0x00000000,0x00000000,0x00000000,0x00000000,0x00000000,
  0x00000000,0x00000000,0x00000000,0x00000000,0x00000000,0x00000000,0x00000000,0x00000000,
  0x00000000,0x00000000,0x00000000,0x00000000,0x00000000,0x00000000,0x00000000,0x00000000,
  0x00000000,0x00000000,0x00000000,0x00000000,0x00000000,0x00000000,0x00000000,0x00000000,
  0x00000000,0x00000000,0x00000000,0x00000000,0x00000000,0x00000000,0x00000000,0x00000000,
  0x00000000,0x00000000,0x00000000,0x00000000,0x00000000,0x00000000,0x00000000,0x00000000,
  0x00000000,0x00000000,0x00000000,0x00000000,0x00000000,0x00000000,0x00000000,0x00000000,
  0x00000000,0x00000000,0x00000000,0x00000000,0x00000000,0x00000000,0x00000000,0x00000000,
  0x00000000,0x00000000,0x00000000,0x00000000,0x00000000,0x00000000,0x00000000,0x00000000,
  0x00000000,0x00000000,0x00000000,0x00000000,0x00000000,0x00000000,0x00000000,0x00000000,
  0x00000000,0x00000000,0x00000000,0x00000000,0x00000000,0x00000000,0x00000000,0x00000000,
  0x00000000,0x00000000,0x00000000,0x00000000,0x00000000,0x00000000,0x00000000,0x00000000,
  0x00000000,0x00000000,0x00000000,0x00000000,0x00000000,0x00000000,0x00000000,0x00000000,
  0x00000000,0x00000000,0x00000000,0x00000000,0x00000000,0x00000000,0x00000000,0x00000000,
  0x00000000,0x00000000,0x00000000,0x00000000,0x00000000,0x00000000,0x00000000,0x00000000,
  0x00000000,0x00000000,0x00000000,0x00000000,0x00000000,0x00000000,0x00000000,0x00000000,
  0x00000000,0x00000000,0x00000000,0x00000000,0x00000000,0x00000000,0x00000000,0x00000000,
  0x00000000,0x00000000,0x00000000,0x00000000,0x00000000,0x00000000,0x00000000,0x00000000,
  0x00000000,0x00000000,0x00000000,0x00000000,0x00000000,0x00000000,0x00000000,0x00000000,
  0x00000000,0x00000000,0x00000000,0x00000000,0x00000000,0x00000000,0x00000000,0x00000000,
  0x00000000,0x00000000,0x00000000,0x00000000,0x00000000,0x00000000,0x00000000,0x00000000,
  0x00000000,0x00000000,0x00000000,0x00000000,0x00000000,0x00000000,0x00000000,0x00000000,
  0x00000000,0x00000000,0x00000000,0x00000000,0x00000000,0x00000000,0x00000000,0x00000000,
  0x00000000,0x00000000,0x00000000,0x00000000,0x00000000,0x00000000,0x00000000,0x00000000,
  0x00000000,0x00000000,0x00000000,0x00000000,0x00000000,0x00000000,0x00000000,0x00000000,
  0x00000000,0x00000000,0x00000000,0x00000000,0x00000000,0x00000000,0x00000000,0x00000000,
  0x00000000,0x00000000,0x00000000,0x00000000,0x00000000,0x00000000,0x00000000,0x00000000,
};

#define RR_ICON_IPTV_W 72
#define RR_ICON_IPTV_H 72
static const unsigned int RR_ICON_IPTV[]={
  0x00000000,0x00000000,0x00000000,0x00000000,0x00000000,0x00000000,0x00000000,0x00000000,
  0x00000000,0x00000000,0x00000000,0x00000000,0x00000000,0x00000000,0x00000000,0x00000000,
  0x00000000,0x00000000,0x00000000,0x00000000,0x00000000,0x00000000,0x00000000,0x00000000,
  0x00000000,0x00000000,0x00000000,0x00000000,0x00000000,0x00000000,0x00000000,0x00000000,
  0x00000000,0x00000000,0x00000000,0x00000000,0x00000000,0x00000000,0x00000000,0x00000000,
  0x00000000,0x00000000,0x00000000,0x00000000,0x00000000,0x00000000,0x00000000,0x00000000,
  0x00000000,0x00000000,0x00000000,0x00000000,0x00000000,0x00000000,0x00000000,0x00000000,
  0x00000000,0x00000000,0x00000000,0x00000000,0x00000000,0x00000000,0x00000000,0x00000000,
  0x00000000,0x00000000,0x00000000,0x00000000,0x00000000,0x00000000,0x00000000,0x00000000,
  0x00000000,0x00000000,0x00000000,0x00000000,0x00000000,0x00000000,0x00000000,0x00000000,
  0x00000000,0x00000000,0x00000000,0x00000000,0x00000000,0x00000000,0x00000000,0x00000000,
  0x00000000,0x00000000,0x00000000,0x00000000,0x00000000,0x00000000,0x00000000,0x00000000,
  0x00000000,0x00000000,0x00000000,0x00000000,0x00000000,0x00000000,0x00000000,0x00000000,
  0x00000000,0x00000000,0x00000000,0x00000000,0x00000000,0x00000000,0x00000000,0x00000000,
  0x00000000,0x00000000,0x00000000,0x00000000,0x00000000,0x00000000,0x00000000,0x00000000,
  0x00000000,0x00000000,0x00000000,0x00000000,0x00000000,0x00000000,0x00000000,0x00000000,
  0x00000000,0x00000000,0x00000000,0x00000000,0x00000000,0x00000000,0x00000000,0x00000000,
  0x00000000,0x00000000,0x00000000,0x00000000,0x00000000,0x00000000,0x00000000,0x00000000,
  0x00000000,0x00000000,0x00000000,0x00000000,0x00000000,0x00000000,0x00000000,0x00000000,
  0x00000000,0x00000000,0x00000000,0x00000000,0x00000000,0x00000000,0x00000000,0x00000000,
  0x00000000,0x00000000,0x00000000,0x00000000,0x00000000,0x00000000,0x00000000,0x02FFFFFF,
  0x03FFFFFF,0x00000000,0x00000000,0x00000000,0x00000000,0x00000000,0x00000000,0x00000000,
  0x00000000,0x00000000,0x00000000,0x00000000,0x00000000,0x00000000,0x00000000,0x00000000,
  0x00000000,0x00000000,0x00000000,0x00000000,0x00000000,0x00000000,0x00000000,0x02FFFFFF,
  0x03FFFFFF,0x00000000,0x00000000,0x00000000,0x00000000,0x00000000,0x00000000,0x00000000,
  0x00000000,0x00000000,0x00000000,0x00000000,0x00000000,0x00000000,0x00000000,0x00000000,
  0x00000000,0x00000000,0x00000000,0x00000000,0x00000000,0x00000000,0x00000000,0x00000000,
  0x00000000,0x00000000,0x00000000,0x00000000,0x00000000,0x00000000,0x00000000,0x00000000,
  0x00000000,0x00000000,0x00000000,0x00000000,0x00000000,0x00000000,0x00000000,0x00000000,
  0x00000000,0x00000000,0x00000000,0x00000000,0x00000000,0x00000000,0x01FFFFFF,0x00000000,
  0x00000000,0x01FFFFFF,0x00000000,0x00000000,0x00000000,0x00000000,0x00000000,0x00000000,
  0x00000000,0x00000000,0x00000000,0x00000000,0x00000000,0x00000000,0x00000000,0x00000000,
  0x00000000,0x00000000,0x00000000,0x00000000,0x00000000,0x00000000,0x02FFFFFF,0x00000000,
  0x00000000,0x02FFFFFF,0x00000000,0x00000000,0x00000000,0x00000000,0x00000000,0x00000000,
  0x00000000,0x00000000,0x00000000,0x00000000,0x00000000,0x00000000,0x00000000,0x00000000,
  0x00000000,0x00000000,0x00000000,0x00000000,0x00000000,0x00000000,0x00000000,0x00000000,
  0x00000000,0x00000000,0x00000000,0x00000000,0x00000000,0x00000000,0x00000000,0x00000000,
  0x00000000,0x00000000,0x00000000,0x00000000,0x00000000,0x00000000,0x00000000,0x00000000,
  0x00000000,0x00000000,0x00000000,0x00000000,0x00000000,0x02FFFFFF,0x00000000,0x37FFFFFF,
  0x67FFFFFF,0x00000000,0x03FFFFFF,0x02FFFFFF,0x00000000,0x00000000,0x00000000,0x00000000,
  0x00000000,0x00000000,0x00000000,0x00000000,0x00000000,0x00000000,0x00000000,0x00000000,
  0x00000000,0x00000000,0x00000000,0x00000000,0x00000000,0x05FFFFFF,0x00000000,0x47FFFFFF,
  0x5FFFFFFF,0x00000000,0x03FFFFFF,0x00000000,0x00000000,0x00000000,0x00000000,0x00000000,
  0x00000000,0x00000000,0x00000000,0x00000000,0x00000000,0x00000000,0x00000000,0x00000000,
  0x00000000,0x00000000,0x00000000,0x00000000,0x00000000,0x00000000,0x00000000,0x00000000,
  0x00000000,0x00000000,0x00000000,0x00000000,0x00000000,0x00000000,0x00000000,0x00000000,
  0x00000000,0x00000000,0x00000000,0x00000000,0x00000000,0x00000000,0x00000000,0x00000000,
  0x00000000,0x00000000,0x00000000,0x00000000,0x01FFFFFF,0x01FFFFFF,0x10FFFFFF,0xD0FFFFFF,
  0xFFFFFFFF,0x96FFFFFF,0x00000000,0x00000000,0x03FFFFFF,0x00000000,0x00000000,0x00000000,
  0x00000000,0x00000000,0x00000000,0x00000000,0x00000000,0x00000000,0x00000000,0x00000000,
  0x00000000,0x00000000,0x00000000,0x01FFFFFF,0x03FFFFFF,0x00000000,0x64FFFFFF,0xFFFFFFFF,
  0xF8FFFFFF,0x31FFFFFF,0x00000000,0x02FFFFFF,0x00000000,0x00000000,0x00000000,0x00000000,
  0x00000000,0x00000000,0x00000000,0x00000000,0x00000000,0x00000000,0x00000000,0x00000000,
  0x00000000,0x00000000,0x00000000,0x00000000,0x00000000,0x00000000,0x00000000,0x00000000,
  0x00000000,0x00000000,0x00000000,0x00000000,0x00000000,0x00000000,0x00000000,0x00000000,
  0x00000000,0x00000000,0x00000000,0x00000000,0x00000000,0x00000000,0x00000000,0x00000000,
  0x00000000,0x00000000,0x00000000,0x00000000,0x03FFFFFF,0x03FFFFFF,0xB4FFFFFF,0xFFFFFFFF,
  0xF6FFFFFF,0xFFFFFFFF,0xA9FFFFFF,0x11FFFFFF,0x00000000,0x03FFFFFF,0x00000000,0x00000000,
  0x00000000,0x00000000,0x00000000,0x00000000,0x00000000,0x00000000,0x00000000,0x00000000,
  0x00000000,0x00000000,0x02FFFFFF,0x00000000,0x00000000,0x80FFFFFF,0xFFFFFFFF,0xFCFFFFFF,
  0xFFFFFFFF,0xEBFFFFFF,0x12FFFFFF,0x01FFFFFF,0x01FFFFFF,0x00000000,0x00000000,0x00000000,
  0x00000000,0x00000000,0x00000000,0x00000000,0x00000000,0x00000000,0x00000000,0x00000000,
  0x00000000,0x00000000,0x00000000,0x00000000,0x00000000,0x00000000,0x00000000,0x00000000,
  0x00000000,0x00000000,0x00000000,0x00000000,0x00000000,0x00000000,0x00000000,0x00000000,
  0x00000000,0x00000000,0x00000000,0x00000000,0x00000000,0x00000000,0x00000000,0x00000000,
  0x00000000,0x00000000,0x00000000,0x00000000,0x01FFFFFF,0x03FFFFFF,0x5EFFFFFF,0xECFFFFFF,
  0xFFFFFFFF,0xF7FFFFFF,0xFFFFFFFF,0xCAFFFFFF,0x25FFFFFF,0x00000000,0x04FFFFFF,0x00000000,
  0x00000000,0x00000000,0x00000000,0x00000000,0x00000000,0x00000000,0x00000000,0x00000000,
  0x00000000,0x03FFFFFF,0x00000000,0x0DFFFFFF,0x9DFFFFFF,0xFFFFFFFF,0xFBFFFFFF,0xFEFFFFFF,
  0xFFFFFFFF,0x83FFFFFF,0x0BFFFFFF,0x01FFFFFF,0x01FFFFFF,0x00000000,0x00000000,0x00000000,
  0x00000000,0x00000000,0x00000000,0x00000000,0x00000000,0x00000000,0x00000000,0x00000000,
  0x00000000,0x00000000,0x00000000,0x00000000,0x00000000,0x00000000,0x00000000,0x00000000,
  0x00000000,0x00000000,0x00000000,0x00000000,0x00000000,0x00000000,0x00000000,0x00000000,
  0x00000000,0x00000000,0x00000000,0x00000000,0x00000000,0x00000000,0x00000000,0x00000000,
  0x00000000,0x00000000,0x00000000,0x00000000,0x00000000,0x02FFFFFF,0x00000000,0x35FFFFFF,
  0xE6FFFFFF,0xFFFFFFFF,0xF7FFFFFF,0xFFFFFFFF,0xEDFFFFFF,0x36FFFFFF,0x00000000,0x05FFFFFF,
  0x00000000,0x00000000,0x00000000,0x00000000,0x00000000,0x00000000,0x00000000,0x00000000,
  0x04FFFFFF,0x00000000,0x12FFFFFF,0xCAFFFFFF,0xFFFFFFFF,0xF7FFFFFF,0xFFFFFFFF,0xFBFFFFFF,
  0x65FFFFFF,0x00000000,0x00000000,0x00000000,0x00000000,0x00000000,0x00000000,0x00000000,
  0x00000000,0x00000000,0x00000000,0x00000000,0x00000000,0x00000000,0x00000000,0x00000000,
  0x00000000,0x00000000,0x00000000,0x00000000,0x00000000,0x00000000,0x00000000,0x00000000,
  0x00000000,0x00000000,0x00000000,0x00000000,0x00000000,0x00000000,0x00000000,0x00000000,
  0x00000000,0x00000000,0x00000000,0x00000000,0x00000000,0x00000000,0x00000000,0x00000000,
  0x00000000,0x00000000,0x00000000,0x00000000,0x00000000,0x00000000,0x04FFFFFF,0x00000000,
  0x19FFFFFF,0xCAFFFFFF,0xFFFFFFFF,0xF7FFFFFF,0xFFFFFFFF,0xF2FFFFFF,0x62FFFFFF,0x00000000,
  0x03FFFFFF,0x01FFFFFF,0x00000000,0x00000000,0x00000000,0x00000000,0x00000000,0x04FFFFFF,
  0x00000000,0x35FFFFFF,0xDAFFFFFF,0xFFFFFFFF,0xF7FFFFFF,0xFFFFFFFF,0xEDFFFFFF,0x3BFFFFFF,
  0x00000000,0x05FFFFFF,0x00000000,0x00000000,0x00000000,0x00000000,0x00000000,0x00000000,
  0x00000000,0x00000000,0x00000000,0x00000000,0x00000000,0x00000000,0x00000000,0x00000000,
  0x00000000,0x00000000,0x00000000,0x00000000,0x00000000,0x00000000,0x00000000,0x00000000,
  0x00000000,0x00000000,0x00000000,0x00000000,0x00000000,0x00000000,0x00000000,0x00000000,
  0x00000000,0x00000000,0x00000000,0x00000000,0x00000000,0x00000000,0x00000000,0x00000000,
  0x00000000,0x00000000,0x00000000,0x00000000,0x00000000,0x00000000,0x00000000,0x03FFFFFF,
  0x00000000,0x0DFFFFFF,0x9DFFFFFF,0xFFFFFFFF,0xFBFFFFFF,0xFFFFFFFF,0xFFFFFFFF,0x7FFFFFFF,
  0x00000000,0x00000000,0x02FFFFFF,0x00000000,0x00000000,0x01FFFFFF,0x03FFFFFF,0x00000000,
  0x56FFFFFF,0xEEFFFFFF,0xFFFFFFFF,0xF7FFFFFF,0xFFFFFFFF,0xCAFFFFFF,0x25FFFFFF,0x00000000,
  0x03FFFFFF,0x00000000,0x00000000,0x00000000,0x00000000,0x00000000,0x00000000,0x00000000,
  0x00000000,0x00000000,0x00000000,0x00000000,0x00000000,0x00000000,0x00000000,0x00000000,
  0x00000000,0x00000000,0x00000000,0x00000000,0x00000000,0x00000000,0x00000000,0x00000000,
  0x00000000,0x00000000,0x00000000,0x00000000,0x00000000,0x00000000,0x00000000,0x00000000,
  0x00000000,0x00000000,0x00000000,0x00000000,0x00000000,0x00000000,0x00000000,0x00000000,
  0x00000000,0x00000000,0x00000000,0x00000000,0x00000000,0x00000000,0x00000000,0x00000000,
  0x02FFFFFF,0x00000000,0x00000000,0x8FFFFFFF,0xFFFFFFFF,0xFDFFFFFF,0xFAFFFFFF,0xFFFFFFFF,
  0x9AFFFFFF,0x04FFFFFF,0x00000000,0x02FFFFFF,0x01FFFFFF,0x03FFFFFF,0x00000000,0x67FFFFFF,
  0xFFFFFFFF,0xFFFFFFFF,0xFAFFFFFF,0xFFFFFFFF,0xB8FFFFFF,0x11FFFFFF,0x00000000,0x04FFFFFF,
  0x00000000,0x00000000,0x00000000,0x00000000,0x00000000,0x00000000,0x00000000,0x00000000,
  0x00000000,0x00000000,0x00000000,0x00000000,0x00000000,0x00000000,0x00000000,0x00000000,
  0x00000000,0x00000000,0x00000000,0x00000000,0x00000000,0x00000000,0x00000000,0x00000000,
  0x00000000,0x00000000,0x00000000,0x00000000,0x00000000,0x00000000,0x00000000,0x00000000,
  0x00000000,0x00000000,0x00000000,0x00000000,0x00000000,0x00000000,0x00000000,0x00000000,
  0x00000000,0x00000000,0x00000000,0x00000000,0x00000000,0x00000000,0x00000000,0x00000000,
  0x00000000,0x01FFFFFF,0x03FFFFFF,0x00000000,0x65FFFFFF,0xFBFFFFFF,0xFFFFFFFF,0xF7FFFFFF,
  0xFFFFFFFF,0xC4FFFFFF,0x13FFFFFF,0x00000000,0x00000000,0x00000000,0x98FFFFFF,0xFFFFFFFF,
  0xFAFFFFFF,0xFAFFFFFF,0xFFFFFFFF,0x98FFFFFF,0x00000000,0x00000000,0x02FFFFFF,0x00000000,
  0x00000000,0x00000000,0x00000000,0x00000000,0x00000000,0x00000000,0x00000000,0x00000000,
  0x00000000,0x00000000,0x00000000,0x00000000,0x00000000,0x00000000,0x00000000,0x00000000,
  0x00000000,0x00000000,0x00000000,0x00000000,0x00000000,0x00000000,0x00000000,0x00000000,
  0x00000000,0x00000000,0x00000000,0x00000000,0x00000000,0x00000000,0x00000000,0x00000000,
  0x00000000,0x00000000,0x00000000,0x00000000,0x00000000,0x00000000,0x00000000,0x00000000,
  0x00000000,0x00000000,0x00000000,0x00000000,0x00000000,0x00000000,0x00000000,0x00000000,
  0x00000000,0x00000000,0x00000000,0x04FFFFFF,0x00000000,0x3BFFFFFF,0xEEFFFFFF,0xFFFFFFFF,
  0xF8FFFFFF,0xFFFFFFFF,0xDAFFFFFF,0x2FFFFFFF,0x09FFFFFF,0xB9FFFFFF,0xFFFFFFFF,0xFAFFFFFF,
  0xFFFFFFFF,0xFFFFFFFF,0x67FFFFFF,0x00000000,0x03FFFFFF,0x02FFFFFF,0x00000000,0x00000000,
  0x00000000,0x00000000,0x00000000,0x00000000,0x00000000,0x00000000,0x00000000,0x00000000,
  0x00000000,0x00000000,0x00000000,0x00000000,0x00000000,0x00000000,0x00000000,0x00000000,
  0x00000000,0x00000000,0x00000000,0x00000000,0x00000000,0x00000000,0x00000000,0x00000000,
  0x00000000,0x00000000,0x00000000,0x00000000,0x00000000,0x00000000,0x00000000,0x00000000,
  0x00000000,0x00000000,0x00000000,0x01FFFFFF,0x04FFFFFF,0x04FFFFFF,0x04FFFFFF,0x04FFFFFF,
  0x04FFFFFF,0x04FFFFFF,0x04FFFFFF,0x04FFFFFF,0x04FFFFFF,0x04FFFFFF,0x04FFFFFF,0x04FFFFFF,
  0x04FFFFFF,0x04FFFFFF,0x04FFFFFF,0x04FFFFFF,0x08FFFFFF,0x00000000,0x35FFFFFF,0xD2FFFFFF,
  0xFFFFFFFF,0xFBFFFFFF,0xFFFFFFFF,0xE5FFFFFF,0xCDFFFFFF,0xFFFFFFFF,0xFAFFFFFF,0xFFFFFFFF,
  0xF2FFFFFF,0x5BFFFFFF,0x00000000,0x07FFFFFF,0x05FFFFFF,0x04FFFFFF,0x04FFFFFF,0x04FFFFFF,
  0x04FFFFFF,0x04FFFFFF,0x04FFFFFF,0x04FFFFFF,0x04FFFFFF,0x04FFFFFF,0x04FFFFFF,0x04FFFFFF,
  0x04FFFFFF,0x04FFFFFF,0x04FFFFFF,0x04FFFFFF,0x02FFFFFF,0x00000000,0x00000000,0x00000000,
  0x00000000,0x00000000,0x00000000,0x00000000,0x00000000,0x00000000,0x00000000,0x00000000,
  0x00000000,0x00000000,0x00000000,0x00000000,0x00000000,0x00000000,0x00000000,0x00000000,
  0x00000000,0x00000000,0x02FFFFFF,0x00000000,0x00000000,0x00000000,0x00000000,0x00000000,
  0x00000000,0x00000000,0x00000000,0x00000000,0x00000000,0x00000000,0x00000000,0x00000000,
  0x00000000,0x00000000,0x00000000,0x00000000,0x00000000,0x00000000,0x00000000,0x00000000,
  0xA5FFFFFF,0xFBFFFFFF,0xFCFFFFFF,0xFFFFFFFF,0xFFFFFFFF,0xFBFFFFFF,0xFDFFFFFF,0xC7FFFFFF,
  0x22FFFFFF,0x00000000,0x00000000,0x00000000,0x00000000,0x00000000,0x00000000,0x00000000,
  0x00000000,0x00000000,0x00000000,0x00000000,0x00000000,0x00000000,0x00000000,0x00000000,
  0x00000000,0x00000000,0x00000000,0x00000000,0x00000000,0x02FFFFFF,0x00000000,0x00000000,
  0x00000000,0x00000000,0x00000000,0x00000000,0x00000000,0x00000000,0x00000000,0x00000000,
  0x00000000,0x00000000,0x00000000,0x00000000,0x00000000,0x00000000,0x00000000,0x00000000,
  0x00000000,0x03FFFFFF,0x00000000,0x15FFFFFF,0x61FFFFFF,0x7FFFFFFF,0x7FFFFFFF,0x80FFFFFF,
  0x80FFFFFF,0x80FFFFFF,0x80FFFFFF,0x80FFFFFF,0x80FFFFFF,0x80FFFFFF,0x80FFFFFF,0x80FFFFFF,
  0x80FFFFFF,0x80FFFFFF,0x80FFFFFF,0x80FFFFFF,0x80FFFFFF,0x7FFFFFFF,0x82FFFFFF,0x7DFFFFFF,
  0x7DFFFFFF,0xECFFFFFF,0xFFFFFFFF,0xFDFFFFFF,0xFDFFFFFF,0xFEFFFFFF,0xFBFFFFFF,0x92FFFFFF,
  0x77FFFFFF,0x84FFFFFF,0x7FFFFFFF,0x80FFFFFF,0x80FFFFFF,0x80FFFFFF,0x80FFFFFF,0x80FFFFFF,
  0x80FFFFFF,0x80FFFFFF,0x80FFFFFF,0x80FFFFFF,0x80FFFFFF,0x80FFFFFF,0x80FFFFFF,0x80FFFFFF,
  0x80FFFFFF,0x7FFFFFFF,0x7FFFFFFF,0x70FFFFFF,0x27FFFFFF,0x00000000,0x03FFFFFF,0x00000000,
  0x00000000,0x00000000,0x00000000,0x00000000,0x00000000,0x00000000,0x00000000,0x00000000,
  0x00000000,0x00000000,0x00000000,0x00000000,0x00000000,0x00000000,0x00000000,0x00000000,
  0x02FFFFFF,0x00000000,0x35FFFFFF,0xE5FFFFFF,0xFFFFFFFF,0xFFFFFFFF,0xFFFFFFFF,0xFFFFFFFF,
  0xFFFFFFFF,0xFFFFFFFF,0xFFFFFFFF,0xFFFFFFFF,0xFFFFFFFF,0xFFFFFFFF,0xFFFFFFFF,0xFFFFFFFF,
  0xFFFFFFFF,0xFFFFFFFF,0xFFFFFFFF,0xFFFFFFFF,0xFFFFFFFF,0xFFFFFFFF,0xFFFFFFFF,0xFFFFFFFF,
  0xFFFFFFFF,0xFFFFFFFF,0xFFFFFFFF,0xFFFFFFFF,0xFFFFFFFF,0xFFFFFFFF,0xFFFFFFFF,0xFFFFFFFF,
  0xFFFFFFFF,0xFFFFFFFF,0xFFFFFFFF,0xFFFFFFFF,0xFFFFFFFF,0xFFFFFFFF,0xFFFFFFFF,0xFFFFFFFF,
  0xFFFFFFFF,0xFFFFFFFF,0xFFFFFFFF,0xFFFFFFFF,0xFFFFFFFF,0xFFFFFFFF,0xFFFFFFFF,0xFFFFFFFF,
  0xFFFFFFFF,0xFFFFFFFF,0xFFFFFFFF,0xFFFFFFFF,0xF9FFFFFF,0x65FFFFFF,0x00000000,0x03FFFFFF,
  0x00000000,0x00000000,0x00000000,0x00000000,0x00000000,0x00000000,0x00000000,0x00000000,
  0x00000000,0x00000000,0x00000000,0x00000000,0x00000000,0x00000000,0x00000000,0x02FFFFFF,
  0x01FFFFFF,0x31FFFFFF,0xEEFFFFFF,0xFFFFFFFF,0xF9FFFFFF,0xF8FFFFFF,0xF8FFFFFF,0xF8FFFFFF,
  0xF8FFFFFF,0xF8FFFFFF,0xF8FFFFFF,0xF8FFFFFF,0xF8FFFFFF,0xF8FFFFFF,0xF8FFFFFF,0xF8FFFFFF,
  0xF8FFFFFF,0xF8FFFFFF,0xF8FFFFFF,0xF8FFFFFF,0xF8FFFFFF,0xF8FFFFFF,0xF8FFFFFF,0xF8FFFFFF,
  0xF9FFFFFF,0xFCFFFFFF,0xFDFFFFFF,0xFDFFFFFF,0xFDFFFFFF,0xFDFFFFFF,0xFDFFFFFF,0xF9FFFFFF,
  0xF8FFFFFF,0xF8FFFFFF,0xF8FFFFFF,0xF8FFFFFF,0xF8FFFFFF,0xF8FFFFFF,0xF8FFFFFF,0xF8FFFFFF,
  0xF8FFFFFF,0xF8FFFFFF,0xF8FFFFFF,0xF8FFFFFF,0xF8FFFFFF,0xF8FFFFFF,0xF8FFFFFF,0xF8FFFFFF,
  0xF8FFFFFF,0xF8FFFFFF,0xF8FFFFFF,0xF9FFFFFF,0xFEFFFFFF,0xFFFFFFFF,0x60FFFFFF,0x00000000,
  0x02FFFFFF,0x00000000,0x00000000,0x00000000,0x00000000,0x00000000,0x00000000,0x00000000,
  0x00000000,0x00000000,0x00000000,0x00000000,0x00000000,0x00000000,0x00000000,0x03FFFFFF,
  0x01FFFFFF,0xB9FFFFFF,0xFFFFFFFF,0xFAFFFFFF,0xFFFFFFFF,0xFFFFFFFF,0xFFFFFFFF,0xFFFFFFFF,
  0xFFFFFFFF,0xFFFFFFFF,0xFFFFFFFF,0xFFFFFFFF,0xFFFFFFFF,0xFFFFFFFF,0xFFFFFFFF,0xFFFFFFFF,
  0xFFFFFFFF,0xFFFFFFFF,0xFFFFFFFF,0xFFFFFFFF,0xFFFFFFFF,0xFFFFFFFF,0xFFFFFFFF,0xFFFFFFFF,
  0xFFFFFFFF,0xFFFFFFFF,0xFFFFFFFF,0xFFFFFFFF,0xFFFFFFFF,0xFFFFFFFF,0xFFFFFFFF,0xFFFFFFFF,
  0xFFFFFFFF,0xFFFFFFFF,0xFFFFFFFF,0xFFFFFFFF,0xFFFFFFFF,0xFFFFFFFF,0xFFFFFFFF,0xFFFFFFFF,
  0xFFFFFFFF,0xFFFFFFFF,0xFFFFFFFF,0xFFFFFFFF,0xFFFFFFFF,0xFFFFFFFF,0xFFFFFFFF,0xFFFFFFFF,
  0xFFFFFFFF,0xFFFFFFFF,0xFFFFFFFF,0xFFFFFFFF,0xFDFFFFFF,0xFFFFFFFF,0xEDFFFFFF,0x10FFFFFF,
  0x01FFFFFF,0x01FFFFFF,0x00000000,0x00000000,0x00000000,0x00000000,0x00000000,0x00000000,
  0x00000000,0x00000000,0x00000000,0x00000000,0x00000000,0x00000000,0x01FFFFFF,0x00000000,
  0x10FFFFFF,0xEDFFFFFF,0xFEFFFFFF,0xFEFFFFFF,0xEAFFFFFF,0x55FFFFFF,0x42FFFFFF,0x42FFFFFF,
  0x41FFFFFF,0x41FFFFFF,0x41FFFFFF,0x41FFFFFF,0x41FFFFFF,0x41FFFFFF,0x41FFFFFF,0x41FFFFFF,
  0x41FFFFFF,0x41FFFFFF,0x41FFFFFF,0x41FFFFFF,0x41FFFFFF,0x41FFFFFF,0x41FFFFFF,0x41FFFFFF,
  0x41FFFFFF,0x41FFFFFF,0x41FFFFFF,0x41FFFFFF,0x41FFFFFF,0x41FFFFFF,0x41FFFFFF,0x41FFFFFF,
  0x41FFFFFF,0x41FFFFFF,0x41FFFFFF,0x41FFFFFF,0x41FFFFFF,0x41FFFFFF,0x41FFFFFF,0x41FFFFFF,
  0x41FFFFFF,0x41FFFFFF,0x41FFFFFF,0x41FFFFFF,0x41FFFFFF,0x41FFFFFF,0x41FFFFFF,0x41FFFFFF,
  0x42FFFFFF,0x43FFFFFF,0x46FFFFFF,0xCAFFFFFF,0xFFFFFFFF,0xFAFFFFFF,0xFEFFFFFF,0x3FFFFFFF,
  0x00000000,0x03FFFFFF,0x00000000,0x00000000,0x00000000,0x00000000,0x00000000,0x00000000,
  0x00000000,0x00000000,0x00000000,0x00000000,0x00000000,0x00000000,0x01FFFFFF,0x00000000,
  0x11FFFFFF,0xEEFFFFFF,0xFFFFFFFF,0xFFFFFFFF,0xBBFFFFFF,0x00000000,0x00000000,0x00000000,
  0x00000000,0x00000000,0x00000000,0x00000000,0x00000000,0x00000000,0x00000000,0x00000000,
  0x00000000,0x00000000,0x00000000,0x00000000,0x00000000,0x00000000,0x00000000,0x00000000,
  0x00000000,0x00000000,0x00000000,0x00000000,0x00000000,0x00000000,0x00000000,0x00000000,
  0x00000000,0x00000000,0x00000000,0x00000000,0x00000000,0x00000000,0x00000000,0x00000000,
  0x00000000,0x00000000,0x00000000,0x00000000,0x00000000,0x00000000,0x00000000,0x00000000,
  0x00000000,0x00000000,0x00000000,0x79FFFFFF,0xFFFFFFFF,0xF8FFFFFF,0xFFFFFFFF,0x42FFFFFF,
  0x00000000,0x03FFFFFF,0x00000000,0x00000000,0x00000000,0x00000000,0x00000000,0x00000000,
  0x00000000,0x00000000,0x00000000,0x00000000,0x00000000,0x00000000,0x01FFFFFF,0x00000000,
  0x11FFFFFF,0xEEFFFFFF,0xFFFFFFFF,0xFFFFFFFF,0xBFFFFFFF,0x03FFFFFF,0x05FFFFFF,0x03FFFFFF,
  0x03FFFFFF,0x03FFFFFF,0x03FFFFFF,0x03FFFFFF,0x03FFFFFF,0x03FFFFFF,0x03FFFFFF,0x03FFFFFF,
  0x03FFFFFF,0x03FFFFFF,0x03FFFFFF,0x03FFFFFF,0x03FFFFFF,0x03FFFFFF,0x03FFFFFF,0x03FFFFFF,
  0x03FFFFFF,0x03FFFFFF,0x03FFFFFF,0x03FFFFFF,0x03FFFFFF,0x03FFFFFF,0x03FFFFFF,0x03FFFFFF,
  0x03FFFFFF,0x03FFFFFF,0x03FFFFFF,0x03FFFFFF,0x03FFFFFF,0x03FFFFFF,0x03FFFFFF,0x03FFFFFF,
  0x03FFFFFF,0x03FFFFFF,0x03FFFFFF,0x03FFFFFF,0x03FFFFFF,0x03FFFFFF,0x03FFFFFF,0x03FFFFFF,
  0x03FFFFFF,0x07FFFFFF,0x03FFFFFF,0x82FFFFFF,0xFFFFFFFF,0xF8FFFFFF,0xFFFFFFFF,0x41FFFFFF,
  0x00000000,0x03FFFFFF,0x00000000,0x00000000,0x00000000,0x00000000,0x00000000,0x00000000,
  0x00000000,0x00000000,0x00000000,0x00000000,0x00000000,0x00000000,0x01FFFFFF,0x00000000,
  0x11FFFFFF,0xEEFFFFFF,0xFFFFFFFF,0xFFFFFFFF,0xBEFFFFFF,0x00000000,0x02FFFFFF,0x00000000,
  0x00000000,0x00000000,0x00000000,0x00000000,0x00000000,0x00000000,0x00000000,0x00000000,
  0x00000000,0x00000000,0x00000000,0x00000000,0x00000000,0x00000000,0x00000000,0x00000000,
  0x00000000,0x00000000,0x00000000,0x00000000,0x00000000,0x00000000,0x00000000,0x00000000,
  0x00000000,0x00000000,0x00000000,0x00000000,0x00000000,0x00000000,0x00000000,0x00000000,
  0x00000000,0x00000000,0x00000000,0x00000000,0x00000000,0x00000000,0x00000000,0x00000000,
  0x00000000,0x04FFFFFF,0x00000000,0x80FFFFFF,0xFFFFFFFF,0xF8FFFFFF,0xFFFFFFFF,0x41FFFFFF,
  0x00000000,0x03FFFFFF,0x00000000,0x00000000,0x00000000,0x00000000,0x00000000,0x00000000,
  0x00000000,0x00000000,0x00000000,0x00000000,0x00000000,0x00000000,0x01FFFFFF,0x00000000,
  0x11FFFFFF,0xEEFFFFFF,0xFFFFFFFF,0xFFFFFFFF,0xBEFFFFFF,0x00000000,0x02FFFFFF,0x00000000,
  0x00000000,0x00000000,0x00000000,0x00000000,0x00000000,0x00000000,0x00000000,0x00000000,
  0x00000000,0x00000000,0x00000000,0x00000000,0x00000000,0x00000000,0x00000000,0x00000000,
  0x00000000,0x00000000,0x00000000,0x00000000,0x00000000,0x00000000,0x00000000,0x00000000,
  0x00000000,0x00000000,0x00000000,0x00000000,0x00000000,0x00000000,0x00000000,0x00000000,
  0x00000000,0x00000000,0x00000000,0x00000000,0x00000000,0x00000000,0x00000000,0x00000000,
  0x00000000,0x04FFFFFF,0x00000000,0x80FFFFFF,0xFFFFFFFF,0xF8FFFFFF,0xFFFFFFFF,0x41FFFFFF,
  0x00000000,0x03FFFFFF,0x00000000,0x00000000,0x00000000,0x00000000,0x00000000,0x00000000,
  0x00000000,0x00000000,0x00000000,0x00000000,0x00000000,0x00000000,0x01FFFFFF,0x00000000,
  0x11FFFFFF,0xEEFFFFFF,0xFFFFFFFF,0xFFFFFFFF,0xBEFFFFFF,0x00000000,0x02FFFFFF,0x00000000,
  0x00000000,0x00000000,0x00000000,0x00000000,0x00000000,0x00000000,0x00000000,0x00000000,
  0x00000000,0x00000000,0x00000000,0x00000000,0x00000000,0x00000000,0x00000000,0x00000000,
  0x00000000,0x00000000,0x00000000,0x00000000,0x00000000,0x00000000,0x00000000,0x00000000,
  0x00000000,0x00000000,0x00000000,0x00000000,0x00000000,0x00000000,0x00000000,0x00000000,
  0x00000000,0x00000000,0x00000000,0x00000000,0x00000000,0x00000000,0x00000000,0x00000000,
  0x00000000,0x04FFFFFF,0x00000000,0x80FFFFFF,0xFFFFFFFF,0xF8FFFFFF,0xFFFFFFFF,0x41FFFFFF,
  0x00000000,0x03FFFFFF,0x00000000,0x00000000,0x00000000,0x00000000,0x00000000,0x00000000,
  0x00000000,0x00000000,0x00000000,0x00000000,0x00000000,0x00000000,0x01FFFFFF,0x00000000,
  0x11FFFFFF,0xEEFFFFFF,0xFFFFFFFF,0xFFFFFFFF,0xBEFFFFFF,0x00000000,0x02FFFFFF,0x00000000,
  0x00000000,0x00000000,0x00000000,0x00000000,0x00000000,0x00000000,0x00000000,0x00000000,
  0x00000000,0x00000000,0x00000000,0x00000000,0x00000000,0x00000000,0x00000000,0x00000000,
  0x03FFFFFF,0x01FFFFFF,0x00000000,0x00000000,0x00000000,0x00000000,0x00000000,0x00000000,
  0x00000000,0x00000000,0x00000000,0x00000000,0x00000000,0x00000000,0x00000000,0x00000000,
  0x00000000,0x00000000,0x00000000,0x00000000,0x00000000,0x00000000,0x00000000,0x00000000,
  0x00000000,0x04FFFFFF,0x00000000,0x80FFFFFF,0xFFFFFFFF,0xF8FFFFFF,0xFFFFFFFF,0x41FFFFFF,
  0x00000000,0x03FFFFFF,0x00000000,0x00000000,0x00000000,0x00000000,0x00000000,0x00000000,
  0x00000000,0x00000000,0x00000000,0x00000000,0x00000000,0x00000000,0x01FFFFFF,0x00000000,
  0x11FFFFFF,0xEEFFFFFF,0xFFFFFFFF,0xFFFFFFFF,0xBEFFFFFF,0x00000000,0x02FFFFFF,0x00000000,
  0x00000000,0x00000000,0x00000000,0x00000000,0x00000000,0x00000000,0x00000000,0x00000000,
  0x00000000,0x00000000,0x00000000,0x00000000,0x00000000,0x00000000,0x00000000,0x01FFFFFF,
  0x00000000,0x00000000,0x03FFFFFF,0x00000000,0x00000000,0x00000000,0x00000000,0x00000000,
  0x00000000,0x00000000,0x00000000,0x00000000,0x00000000,0x00000000,0x00000000,0x00000000,
  0x00000000,0x00000000,0x00000000,0x00000000,0x00000000,0x00000000,0x00000000,0x00000000,
  0x00000000,0x04FFFFFF,0x00000000,0x80FFFFFF,0xFFFFFFFF,0xF8FFFFFF,0xFFFFFFFF,0x41FFFFFF,
  0x00000000,0x03FFFFFF,0x00000000,0x00000000,0x00000000,0x00000000,0x00000000,0x00000000,
  0x00000000,0x00000000,0x00000000,0x00000000,0x00000000,0x00000000,0x01FFFFFF,0x00000000,
  0x11FFFFFF,0xEEFFFFFF,0xFFFFFFFF,0xFFFFFFFF,0xBEFFFFFF,0x00000000,0x02FFFFFF,0x00000000,
  0x00000000,0x00000000,0x00000000,0x00000000,0x00000000,0x00000000,0x00000000,0x00000000,
  0x00000000,0x00000000,0x00000000,0x00000000,0x00000000,0x03FFFFFF,0x00000000,0x73FFFFFF,
  0x7BFFFFFF,0x04FFFFFF,0x00000000,0x02FFFFFF,0x02FFFFFF,0x00000000,0x00000000,0x00000000,
  0x00000000,0x00000000,0x00000000,0x00000000,0x00000000,0x00000000,0x00000000,0x00000000,
  0x00000000,0x00000000,0x00000000,0x00000000,0x00000000,0x00000000,0x00000000,0x00000000,
  0x00000000,0x04FFFFFF,0x00000000,0x80FFFFFF,0xFFFFFFFF,0xF8FFFFFF,0xFFFFFFFF,0x41FFFFFF,
  0x00000000,0x03FFFFFF,0x00000000,0x00000000,0x00000000,0x00000000,0x00000000,0x00000000,
  0x00000000,0x00000000,0x00000000,0x00000000,0x00000000,0x00000000,0x01FFFFFF,0x00000000,
  0x11FFFFFF,0xEEFFFFFF,0xFFFFFFFF,0xFFFFFFFF,0xBEFFFFFF,0x00000000,0x02FFFFFF,0x00000000,
  0x00000000,0x00000000,0x00000000,0x00000000,0x00000000,0x00000000,0x00000000,0x00000000,
  0x00000000,0x00000000,0x00000000,0x00000000,0x00000000,0x04FFFFFF,0x00000000,0x84FFFFFF,
  0xFFFFFFFF,0xD1FFFFFF,0x49FFFFFF,0x00000000,0x00000000,0x04FFFFFF,0x01FFFFFF,0x00000000,
  0x00000000,0x00000000,0x00000000,0x00000000,0x00000000,0x00000000,0x00000000,0x00000000,
  0x00000000,0x00000000,0x00000000,0x00000000,0x00000000,0x00000000,0x00000000,0x00000000,
  0x00000000,0x04FFFFFF,0x00000000,0x80FFFFFF,0xFFFFFFFF,0xF8FFFFFF,0xFFFFFFFF,0x41FFFFFF,
  0x00000000,0x03FFFFFF,0x00000000,0x00000000,0x00000000,0x00000000,0x00000000,0x00000000,
  0x00000000,0x00000000,0x00000000,0x00000000,0x00000000,0x00000000,0x01FFFFFF,0x00000000,
  0x11FFFFFF,0xEEFFFFFF,0xFFFFFFFF,0xFFFFFFFF,0xBEFFFFFF,0x00000000,0x02FFFFFF,0x00000000,
  0x00000000,0x00000000,0x00000000,0x00000000,0x00000000,0x00000000,0x00000000,0x00000000,
  0x00000000,0x00000000,0x00000000,0x00000000,0x00000000,0x04FFFFFF,0x00000000,0x7FFFFFFF,
  0xFCFFFFFF,0xFFFFFFFF,0xFFFFFFFF,0xA7FFFFFF,0x27FFFFFF,0x00000000,0x00000000,0x03FFFFFF,
  0x00000000,0x00000000,0x00000000,0x00000000,0x00000000,0x00000000,0x00000000,0x00000000,
  0x00000000,0x00000000,0x00000000,0x00000000,0x00000000,0x00000000,0x00000000,0x00000000,
  0x00000000,0x04FFFFFF,0x00000000,0x80FFFFFF,0xFFFFFFFF,0xF8FFFFFF,0xFFFFFFFF,0x41FFFFFF,
  0x00000000,0x03FFFFFF,0x00000000,0x00000000,0x00000000,0x00000000,0x00000000,0x00000000,
  0x00000000,0x00000000,0x00000000,0x00000000,0x00000000,0x00000000,0x01FFFFFF,0x00000000,
  0x11FFFFFF,0xEEFFFFFF,0xFFFFFFFF,0xFFFFFFFF,0xBEFFFFFF,0x00000000,0x02FFFFFF,0x00000000,
  0x00000000,0x00000000,0x00000000,0x00000000,0x00000000,0x00000000,0x00000000,0x00000000,
  0x00000000,0x00000000,0x00000000,0x00000000,0x00000000,0x04FFFFFF,0x00000000,0x80FFFFFF,
  0xFFFFFFFF,0xF9FFFFFF,0xFCFFFFFF,0xFFFFFFFF,0xF0FFFFFF,0x7FFFFFFF,0x0FFFFFFF,0x00000000,
  0x02FFFFFF,0x02FFFFFF,0x00000000,0x00000000,0x00000000,0x00000000,0x00000000,0x00000000,
  0x00000000,0x00000000,0x00000000,0x00000000,0x00000000,0x00000000,0x00000000,0x00000000,
  0x00000000,0x04FFFFFF,0x00000000,0x80FFFFFF,0xFFFFFFFF,0xF8FFFFFF,0xFFFFFFFF,0x41FFFFFF,
  0x00000000,0x03FFFFFF,0x00000000,0x00000000,0x00000000,0x00000000,0x00000000,0x00000000,
  0x00000000,0x00000000,0x00000000,0x00000000,0x00000000,0x00000000,0x01FFFFFF,0x00000000,
  0x11FFFFFF,0xEEFFFFFF,0xFFFFFFFF,0xFFFFFFFF,0xBEFFFFFF,0x00000000,0x02FFFFFF,0x00000000,
  0x00000000,0x00000000,0x00000000,0x00000000,0x00000000,0x00000000,0x00000000,0x00000000,
  0x00000000,0x00000000,0x00000000,0x00000000,0x00000000,0x04FFFFFF,0x00000000,0x80FFFFFF,
  0xFFFFFFFF,0xFBFFFFFF,0xFFFFFFFF,0xFFFFFFFF,0xFEFFFFFF,0xFFFFFFFF,0xD9FFFFFF,0x58FFFFFF,
  0x00000000,0x00000000,0x03FFFFFF,0x01FFFFFF,0x00000000,0x00000000,0x00000000,0x00000000,
  0x00000000,0x00000000,0x00000000,0x00000000,0x00000000,0x00000000,0x00000000,0x00000000,
  0x00000000,0x04FFFFFF,0x00000000,0x80FFFFFF,0xFFFFFFFF,0xF8FFFFFF,0xFFFFFFFF,0x41FFFFFF,
  0x00000000,0x03FFFFFF,0x00000000,0x00000000,0x00000000,0x00000000,0x00000000,0x00000000,
  0x00000000,0x00000000,0x00000000,0x00000000,0x00000000,0x00000000,0x01FFFFFF,0x00000000,
  0x11FFFFFF,0xEEFFFFFF,0xFFFFFFFF,0xFFFFFFFF,0xBEFFFFFF,0x00000000,0x02FFFFFF,0x00000000,
  0x00000000,0x00000000,0x00000000,0x00000000,0x00000000,0x00000000,0x00000000,0x00000000,
  0x00000000,0x00000000,0x00000000,0x00000000,0x00000000,0x04FFFFFF,0x00000000,0x80FFFFFF,
  0xFFFFFFFF,0xFDFFFFFF,0xDEFFFFFF,0xCEFFFFFF,0xFFFFFFFF,0xFFFFFFFF,0xFFFFFFFF,0xFFFFFFFF,
  0xBAFFFFFF,0x37FFFFFF,0x00000000,0x00000000,0x04FFFFFF,0x01FFFFFF,0x00000000,0x00000000,
  0x00000000,0x00000000,0x00000000,0x00000000,0x00000000,0x00000000,0x00000000,0x00000000,
  0x00000000,0x04FFFFFF,0x00000000,0x80FFFFFF,0xFFFFFFFF,0xF8FFFFFF,0xFFFFFFFF,0x41FFFFFF,
  0x00000000,0x03FFFFFF,0x00000000,0x00000000,0x00000000,0x00000000,0x00000000,0x00000000,
  0x00000000,0x00000000,0x00000000,0x00000000,0x00000000,0x00000000,0x01FFFFFF,0x00000000,
  0x11FFFFFF,0xEEFFFFFF,0xFFFFFFFF,0xFFFFFFFF,0xBEFFFFFF,0x00000000,0x02FFFFFF,0x00000000,
  0x00000000,0x00000000,0x00000000,0x00000000,0x00000000,0x00000000,0x00000000,0x00000000,
  0x00000000,0x00000000,0x00000000,0x00000000,0x00000000,0x04FFFFFF,0x00000000,0x80FFFFFF,
  0xFFFFFFFF,0xFFFFFFFF,0xB8FFFFFF,0x01FFFFFF,0x6FFFFFFF,0xE9FFFFFF,0xFFFFFFFF,0xFEFFFFFF,
  0xFFFFFFFF,0xFBFFFFFF,0x92FFFFFF,0x16FFFFFF,0x00000000,0x00000000,0x00000000,0x00000000,
  0x00000000,0x00000000,0x00000000,0x00000000,0x00000000,0x00000000,0x00000000,0x00000000,
  0x00000000,0x04FFFFFF,0x00000000,0x80FFFFFF,0xFFFFFFFF,0xF8FFFFFF,0xFFFFFFFF,0x41FFFFFF,
  0x00000000,0x03FFFFFF,0x00000000,0x00000000,0x00000000,0x00000000,0x00000000,0x00000000,
  0x00000000,0x00000000,0x00000000,0x00000000,0x00000000,0x00000000,0x01FFFFFF,0x00000000,
  0x11FFFFFF,0xEEFFFFFF,0xFFFFFFFF,0xFFFFFFFF,0xBEFFFFFF,0x00000000,0x02FFFFFF,0x00000000,
  0x00000000,0x00000000,0x00000000,0x00000000,0x00000000,0x00000000,0x00000000,0x00000000,
  0x00000000,0x00000000,0x00000000,0x00000000,0x00000000,0x04FFFFFF,0x00000000,0x80FFFFFF,
  0xFFFFFFFF,0xFFFFFFFF,0xC0FFFFFF,0x00000000,0x00000000,0x1BFFFFFF,0xA1FFFFFF,0xF7FFFFFF,
  0xFCFFFFFF,0xFFFFFFFF,0xFFFFFFFF,0xE4FFFFFF,0x5EFFFFFF,0x08FFFFFF,0x00000000,0x01FFFFFF,
  0x00000000,0x00000000,0x00000000,0x00000000,0x00000000,0x00000000,0x00000000,0x00000000,
  0x00000000,0x04FFFFFF,0x00000000,0x80FFFFFF,0xFFFFFFFF,0xF8FFFFFF,0xFFFFFFFF,0x41FFFFFF,
  0x00000000,0x03FFFFFF,0x00000000,0x00000000,0x00000000,0x00000000,0x00000000,0x00000000,
  0x00000000,0x00000000,0x00000000,0x00000000,0x00000000,0x00000000,0x01FFFFFF,0x00000000,
  0x11FFFFFF,0xEEFFFFFF,0xFFFFFFFF,0xFFFFFFFF,0xBEFFFFFF,0x00000000,0x02FFFFFF,0x00000000,
  0x00000000,0x00000000,0x00000000,0x00000000,0x00000000,0x00000000,0x00000000,0x00000000,
  0x00000000,0x00000000,0x00000000,0x00000000,0x00000000,0x04FFFFFF,0x00000000,0x80FFFFFF,
  0xFFFFFFFF,0xFFFFFFFF,0xBEFFFFFF,0x01FFFFFF,0x08FFFFFF,0x00000000,0x00000000,0x46FFFFFF,
  0xEFFFFFFF,0xFCFFFFFF,0xF9FFFFFF,0xFFFFFFFF,0xFFFFFFFF,0xBAFFFFFF,0x10FFFFFF,0x02FFFFFF,
  0x01FFFFFF,0x00000000,0x00000000,0x00000000,0x00000000,0x00000000,0x00000000,0x00000000,
  0x00000000,0x04FFFFFF,0x00000000,0x80FFFFFF,0xFFFFFFFF,0xF8FFFFFF,0xFFFFFFFF,0x41FFFFFF,
  0x00000000,0x03FFFFFF,0x00000000,0x00000000,0x00000000,0x00000000,0x00000000,0x00000000,
  0x00000000,0x00000000,0x00000000,0x00000000,0x00000000,0x00000000,0x01FFFFFF,0x00000000,
  0x11FFFFFF,0xEEFFFFFF,0xFFFFFFFF,0xFFFFFFFF,0xBEFFFFFF,0x00000000,0x02FFFFFF,0x00000000,
  0x00000000,0x00000000,0x00000000,0x00000000,0x00000000,0x00000000,0x00000000,0x00000000,
  0x00000000,0x00000000,0x00000000,0x00000000,0x00000000,0x04FFFFFF,0x00000000,0x80FFFFFF,
  0xFFFFFFFF,0xFFFFFFFF,0xBFFFFFFF,0x03FFFFFF,0x00000000,0x00000000,0x65FFFFFF,0xCFFFFFFF,
  0xFBFFFFFF,0xFBFFFFFF,0xFFFFFFFF,0xFFFFFFFF,0x9BFFFFFF,0x30FFFFFF,0x03FFFFFF,0x01FFFFFF,
  0x00000000,0x00000000,0x00000000,0x00000000,0x00000000,0x00000000,0x00000000,0x00000000,
  0x00000000,0x04FFFFFF,0x00000000,0x80FFFFFF,0xFFFFFFFF,0xF8FFFFFF,0xFFFFFFFF,0x41FFFFFF,
  0x00000000,0x03FFFFFF,0x00000000,0x00000000,0x00000000,0x00000000,0x00000000,0x00000000,
  0x00000000,0x00000000,0x00000000,0x00000000,0x00000000,0x00000000,0x01FFFFFF,0x00000000,
  0x11FFFFFF,0xEEFFFFFF,0xFFFFFFFF,0xFFFFFFFF,0xBEFFFFFF,0x00000000,0x02FFFFFF,0x00000000,
  0x00000000,0x00000000,0x00000000,0x00000000,0x00000000,0x00000000,0x00000000,0x00000000,
  0x00000000,0x00000000,0x00000000,0x00000000,0x00000000,0x04FFFFFF,0x00000000,0x80FFFFFF,
  0xFFFFFFFF,0xFFFFFFFF,0xBAFFFFFF,0x00000000,0x38FFFFFF,0xBCFFFFFF,0xFFFFFFFF,0xFFFFFFFF,
  0xFFFFFFFF,0xFFFFFFFF,0xC8FFFFFF,0x43FFFFFF,0x00000000,0x00000000,0x00000000,0x00000000,
  0x00000000,0x00000000,0x00000000,0x00000000,0x00000000,0x00000000,0x00000000,0x00000000,
  0x00000000,0x04FFFFFF,0x00000000,0x80FFFFFF,0xFFFFFFFF,0xF8FFFFFF,0xFFFFFFFF,0x41FFFFFF,
  0x00000000,0x03FFFFFF,0x00000000,0x00000000,0x00000000,0x00000000,0x00000000,0x00000000,
  0x00000000,0x00000000,0x00000000,0x00000000,0x00000000,0x00000000,0x01FFFFFF,0x00000000,
  0x11FFFFFF,0xEEFFFFFF,0xFFFFFFFF,0xFFFFFFFF,0xBEFFFFFF,0x00000000,0x02FFFFFF,0x00000000,
  0x00000000,0x00000000,0x00000000,0x00000000,0x00000000,0x00000000,0x00000000,0x00000000,
  0x00000000,0x00000000,0x00000000,0x00000000,0x00000000,0x04FFFFFF,0x00000000,0x80FFFFFF,
  0xFFFFFFFF,0xFEFFFFFF,0xCDFFFFFF,0x96FFFFFF,0xFCFFFFFF,0xFFFFFFFF,0xFCFFFFFF,0xFFFFFFFF,
  0xE9FFFFFF,0x6DFFFFFF,0x05FFFFFF,0x00000000,0x04FFFFFF,0x02FFFFFF,0x00000000,0x00000000,
  0x00000000,0x00000000,0x00000000,0x00000000,0x00000000,0x00000000,0x00000000,0x00000000,
  0x00000000,0x04FFFFFF,0x00000000,0x80FFFFFF,0xFFFFFFFF,0xF8FFFFFF,0xFFFFFFFF,0x41FFFFFF,
  0x00000000,0x03FFFFFF,0x00000000,0x00000000,0x00000000,0x00000000,0x00000000,0x00000000,
  0x00000000,0x00000000,0x00000000,0x00000000,0x00000000,0x00000000,0x01FFFFFF,0x00000000,
  0x11FFFFFF,0xEEFFFFFF,0xFFFFFFFF,0xFFFFFFFF,0xBEFFFFFF,0x00000000,0x02FFFFFF,0x00000000,
  0x00000000,0x00000000,0x00000000,0x00000000,0x00000000,0x00000000,0x00000000,0x00000000,
  0x00000000,0x00000000,0x00000000,0x00000000,0x00000000,0x04FFFFFF,0x00000000,0x80FFFFFF,
  0xFFFFFFFF,0xFBFFFFFF,0xFFFFFFFF,0xFFFFFFFF,0xFEFFFFFF,0xFFFFFFFF,0xFAFFFFFF,0x92FFFFFF,
  0x16FFFFFF,0x00000000,0x00000000,0x03FFFFFF,0x00000000,0x00000000,0x00000000,0x00000000,
  0x00000000,0x00000000,0x00000000,0x00000000,0x00000000,0x00000000,0x00000000,0x00000000,
  0x00000000,0x04FFFFFF,0x00000000,0x80FFFFFF,0xFFFFFFFF,0xF8FFFFFF,0xFFFFFFFF,0x41FFFFFF,
  0x00000000,0x03FFFFFF,0x00000000,0x00000000,0x00000000,0x00000000,0x00000000,0x00000000,
  0x00000000,0x00000000,0x00000000,0x00000000,0x00000000,0x00000000,0x01FFFFFF,0x00000000,
  0x11FFFFFF,0xEEFFFFFF,0xFFFFFFFF,0xFFFFFFFF,0xBEFFFFFF,0x00000000,0x02FFFFFF,0x00000000,
  0x00000000,0x00000000,0x00000000,0x00000000,0x00000000,0x00000000,0x00000000,0x00000000,
  0x00000000,0x00000000,0x00000000,0x00000000,0x00000000,0x04FFFFFF,0x00000000,0x80FFFFFF,
  0xFFFFFFFF,0xFBFFFFFF,0xFAFFFFFF,0xFFFFFFFF,0xFFFFFFFF,0xBAFFFFFF,0x37FFFFFF,0x00000000,
  0x00000000,0x03FFFFFF,0x01FFFFFF,0x00000000,0x00000000,0x00000000,0x00000000,0x00000000,
  0x00000000,0x00000000,0x00000000,0x00000000,0x00000000,0x00000000,0x00000000,0x00000000,
  0x00000000,0x04FFFFFF,0x00000000,0x80FFFFFF,0xFFFFFFFF,0xF8FFFFFF,0xFFFFFFFF,0x41FFFFFF,
  0x00000000,0x03FFFFFF,0x00000000,0x00000000,0x00000000,0x00000000,0x00000000,0x00000000,
  0x00000000,0x00000000,0x00000000,0x00000000,0x00000000,0x00000000,0x01FFFFFF,0x00000000,
  0x11FFFFFF,0xEEFFFFFF,0xFFFFFFFF,0xFFFFFFFF,0xBEFFFFFF,0x00000000,0x02FFFFFF,0x00000000,
  0x00000000,0x00000000,0x00000000,0x00000000,0x00000000,0x00000000,0x00000000,0x00000000,
  0x00000000,0x00000000,0x00000000,0x00000000,0x00000000,0x04FFFFFF,0x00000000,0x80FFFFFF,
  0xFCFFFFFF,0xFBFFFFFF,0xFFFFFFFF,0xD9FFFFFF,0x58FFFFFF,0x00000000,0x00000000,0x03FFFFFF,
  0x01FFFFFF,0x00000000,0x00000000,0x00000000,0x00000000,0x00000000,0x00000000,0x00000000,
  0x00000000,0x00000000,0x00000000,0x00000000,0x00000000,0x00000000,0x00000000,0x00000000,
  0x00000000,0x04FFFFFF,0x00000000,0x80FFFFFF,0xFFFFFFFF,0xF8FFFFFF,0xFFFFFFFF,0x41FFFFFF,
  0x00000000,0x03FFFFFF,0x00000000,0x00000000,0x00000000,0x00000000,0x00000000,0x00000000,
  0x00000000,0x00000000,0x00000000,0x00000000,0x00000000,0x00000000,0x01FFFFFF,0x00000000,
  0x11FFFFFF,0xEEFFFFFF,0xFFFFFFFF,0xFFFFFFFF,0xBEFFFFFF,0x00000000,0x02FFFFFF,0x00000000,
  0x00000000,0x00000000,0x00000000,0x00000000,0x00000000,0x00000000,0x00000000,0x00000000,
  0x00000000,0x00000000,0x00000000,0x00000000,0x00000000,0x04FFFFFF,0x00000000,0x7FFFFFFF,
  0xFFFFFFFF,0xF6FFFFFF,0x83FFFFFF,0x0FFFFFFF,0x00000000,0x02FFFFFF,0x02FFFFFF,0x00000000,
  0x00000000,0x00000000,0x00000000,0x00000000,0x00000000,0x00000000,0x00000000,0x00000000,
  0x00000000,0x00000000,0x00000000,0x00000000,0x00000000,0x00000000,0x00000000,0x00000000,
  0x00000000,0x04FFFFFF,0x00000000,0x80FFFFFF,0xFFFFFFFF,0xF8FFFFFF,0xFFFFFFFF,0x41FFFFFF,
  0x00000000,0x03FFFFFF,0x00000000,0x00000000,0x00000000,0x00000000,0x00000000,0x00000000,
  0x00000000,0x00000000,0x00000000,0x00000000,0x00000000,0x00000000,0x01FFFFFF,0x00000000,
  0x11FFFFFF,0xEEFFFFFF,0xFFFFFFFF,0xFFFFFFFF,0xBEFFFFFF,0x00000000,0x02FFFFFF,0x00000000,
  0x00000000,0x00000000,0x00000000,0x00000000,0x00000000,0x00000000,0x00000000,0x00000000,
  0x00000000,0x00000000,0x00000000,0x00000000,0x00000000,0x04FFFFFF,0x00000000,0x85FFFFFF,
  0xB4FFFFFF,0x29FFFFFF,0x00000000,0x00000000,0x03FFFFFF,0x00000000,0x00000000,0x00000000,
  0x00000000,0x00000000,0x00000000,0x00000000,0x00000000,0x00000000,0x00000000,0x00000000,
  0x00000000,0x00000000,0x00000000,0x00000000,0x00000000,0x00000000,0x00000000,0x00000000,
  0x00000000,0x04FFFFFF,0x00000000,0x80FFFFFF,0xFFFFFFFF,0xF8FFFFFF,0xFFFFFFFF,0x41FFFFFF,
  0x00000000,0x03FFFFFF,0x00000000,0x00000000,0x00000000,0x00000000,0x00000000,0x00000000,
  0x00000000,0x00000000,0x00000000,0x00000000,0x00000000,0x00000000,0x01FFFFFF,0x00000000,
  0x11FFFFFF,0xEEFFFFFF,0xFFFFFFFF,0xFFFFFFFF,0xBEFFFFFF,0x00000000,0x02FFFFFF,0x00000000,
  0x00000000,0x00000000,0x00000000,0x00000000,0x00000000,0x00000000,0x00000000,0x00000000,
  0x00000000,0x00000000,0x00000000,0x00000000,0x00000000,0x00000000,0x00000000,0x16FFFFFF,
  0x00000000,0x00000000,0x04FFFFFF,0x01FFFFFF,0x00000000,0x00000000,0x00000000,0x00000000,
  0x00000000,0x00000000,0x00000000,0x00000000,0x00000000,0x00000000,0x00000000,0x00000000,
  0x00000000,0x00000000,0x00000000,0x00000000,0x00000000,0x00000000,0x00000000,0x00000000,
  0x00000000,0x04FFFFFF,0x00000000,0x80FFFFFF,0xFFFFFFFF,0xF8FFFFFF,0xFFFFFFFF,0x41FFFFFF,
  0x00000000,0x03FFFFFF,0x00000000,0x00000000,0x00000000,0x00000000,0x00000000,0x00000000,
  0x00000000,0x00000000,0x00000000,0x00000000,0x00000000,0x00000000,0x01FFFFFF,0x00000000,
  0x11FFFFFF,0xEEFFFFFF,0xFFFFFFFF,0xFFFFFFFF,0xBEFFFFFF,0x00000000,0x02FFFFFF,0x00000000,
  0x00000000,0x00000000,0x00000000,0x00000000,0x00000000,0x00000000,0x00000000,0x00000000,
  0x00000000,0x00000000,0x00000000,0x00000000,0x00000000,0x00000000,0x00000000,0x00000000,
  0x01FFFFFF,0x02FFFFFF,0x00000000,0x00000000,0x00000000,0x00000000,0x00000000,0x00000000,
  0x00000000,0x00000000,0x00000000,0x00000000,0x00000000,0x00000000,0x00000000,0x00000000,
  0x00000000,0x00000000,0x00000000,0x00000000,0x00000000,0x00000000,0x00000000,0x00000000,
  0x00000000,0x04FFFFFF,0x00000000,0x80FFFFFF,0xFFFFFFFF,0xF8FFFFFF,0xFFFFFFFF,0x41FFFFFF,
  0x00000000,0x03FFFFFF,0x00000000,0x00000000,0x00000000,0x00000000,0x00000000,0x00000000,
  0x00000000,0x00000000,0x00000000,0x00000000,0x00000000,0x00000000,0x01FFFFFF,0x00000000,
  0x11FFFFFF,0xEEFFFFFF,0xFFFFFFFF,0xFFFFFFFF,0xBEFFFFFF,0x00000000,0x02FFFFFF,0x00000000,
  0x00000000,0x00000000,0x00000000,0x00000000,0x00000000,0x00000000,0x00000000,0x00000000,
  0x00000000,0x00000000,0x00000000,0x00000000,0x00000000,0x00000000,0x00000000,0x01FFFFFF,
  0x00000000,0x00000000,0x00000000,0x00000000,0x00000000,0x00000000,0x00000000,0x00000000,
  0x00000000,0x00000000,0x00000000,0x00000000,0x00000000,0x00000000,0x00000000,0x00000000,
  0x00000000,0x00000000,0x00000000,0x00000000,0x00000000,0x00000000,0x00000000,0x00000000,
  0x00000000,0x04FFFFFF,0x00000000,0x80FFFFFF,0xFFFFFFFF,0xF8FFFFFF,0xFFFFFFFF,0x41FFFFFF,
  0x00000000,0x03FFFFFF,0x00000000,0x00000000,0x00000000,0x00000000,0x00000000,0x00000000,
  0x00000000,0x00000000,0x00000000,0x00000000,0x00000000,0x00000000,0x01FFFFFF,0x00000000,
  0x11FFFFFF,0xEEFFFFFF,0xFFFFFFFF,0xFFFFFFFF,0xBEFFFFFF,0x00000000,0x02FFFFFF,0x00000000,
  0x00000000,0x00000000,0x00000000,0x00000000,0x00000000,0x00000000,0x00000000,0x00000000,
  0x00000000,0x00000000,0x00000000,0x00000000,0x00000000,0x00000000,0x00000000,0x00000000,
  0x00000000,0x00000000,0x00000000,0x00000000,0x00000000,0x00000000,0x00000000,0x00000000,
  0x00000000,0x00000000,0x00000000,0x00000000,0x00000000,0x00000000,0x00000000,0x00000000,
  0x00000000,0x00000000,0x00000000,0x00000000,0x00000000,0x00000000,0x00000000,0x00000000,
  0x00000000,0x04FFFFFF,0x00000000,0x80FFFFFF,0xFFFFFFFF,0xF8FFFFFF,0xFFFFFFFF,0x41FFFFFF,
  0x00000000,0x03FFFFFF,0x00000000,0x00000000,0x00000000,0x00000000,0x00000000,0x00000000,
  0x00000000,0x00000000,0x00000000,0x00000000,0x00000000,0x00000000,0x01FFFFFF,0x00000000,
  0x11FFFFFF,0xEEFFFFFF,0xFFFFFFFF,0xFFFFFFFF,0xBEFFFFFF,0x00000000,0x02FFFFFF,0x00000000,
  0x00000000,0x00000000,0x00000000,0x00000000,0x00000000,0x00000000,0x00000000,0x00000000,
  0x00000000,0x00000000,0x00000000,0x00000000,0x00000000,0x00000000,0x00000000,0x00000000,
  0x00000000,0x00000000,0x00000000,0x00000000,0x00000000,0x00000000,0x00000000,0x00000000,
  0x00000000,0x00000000,0x00000000,0x00000000,0x00000000,0x00000000,0x00000000,0x00000000,
  0x00000000,0x00000000,0x00000000,0x00000000,0x00000000,0x00000000,0x00000000,0x00000000,
  0x00000000,0x04FFFFFF,0x00000000,0x80FFFFFF,0xFFFFFFFF,0xF8FFFFFF,0xFFFFFFFF,0x41FFFFFF,
  0x00000000,0x03FFFFFF,0x00000000,0x00000000,0x00000000,0x00000000,0x00000000,0x00000000,
  0x00000000,0x00000000,0x00000000,0x00000000,0x00000000,0x00000000,0x01FFFFFF,0x00000000,
  0x11FFFFFF,0xEEFFFFFF,0xFFFFFFFF,0xFFFFFFFF,0xBFFFFFFF,0x02FFFFFF,0x03FFFFFF,0x01FFFFFF,
  0x01FFFFFF,0x01FFFFFF,0x01FFFFFF,0x01FFFFFF,0x01FFFFFF,0x01FFFFFF,0x01FFFFFF,0x01FFFFFF,
  0x01FFFFFF,0x01FFFFFF,0x01FFFFFF,0x01FFFFFF,0x01FFFFFF,0x01FFFFFF,0x01FFFFFF,0x01FFFFFF,
  0x01FFFFFF,0x01FFFFFF,0x01FFFFFF,0x01FFFFFF,0x01FFFFFF,0x01FFFFFF,0x01FFFFFF,0x01FFFFFF,
  0x01FFFFFF,0x01FFFFFF,0x01FFFFFF,0x01FFFFFF,0x01FFFFFF,0x01FFFFFF,0x01FFFFFF,0x01FFFFFF,
  0x01FFFFFF,0x01FFFFFF,0x01FFFFFF,0x01FFFFFF,0x01FFFFFF,0x01FFFFFF,0x01FFFFFF,0x01FFFFFF,
  0x01FFFFFF,0x05FFFFFF,0x01FFFFFF,0x82FFFFFF,0xFFFFFFFF,0xF8FFFFFF,0xFFFFFFFF,0x41FFFFFF,
  0x00000000,0x03FFFFFF,0x00000000,0x00000000,0x00000000,0x00000000,0x00000000,0x00000000,
  0x00000000,0x00000000,0x00000000,0x00000000,0x00000000,0x00000000,0x01FFFFFF,0x00000000,
  0x11FFFFFF,0xEDFFFFFF,0xFFFFFFFF,0xFFFFFFFF,0xB9FFFFFF,0x00000000,0x00000000,0x00000000,
  0x00000000,0x00000000,0x00000000,0x00000000,0x00000000,0x00000000,0x00000000,0x00000000,
  0x00000000,0x00000000,0x00000000,0x00000000,0x00000000,0x00000000,0x00000000,0x00000000,
  0x00000000,0x00000000,0x00000000,0x00000000,0x00000000,0x00000000,0x00000000,0x00000000,
  0x00000000,0x00000000,0x00000000,0x00000000,0x00000000,0x00000000,0x00000000,0x00000000,
  0x00000000,0x00000000,0x00000000,0x00000000,0x00000000,0x00000000,0x00000000,0x00000000,
  0x00000000,0x00000000,0x00000000,0x78FFFFFF,0xFFFFFFFF,0xF8FFFFFF,0xFFFFFFFF,0x40FFFFFF,
  0x00000000,0x03FFFFFF,0x00000000,0x00000000,0x00000000,0x00000000,0x00000000,0x00000000,
  0x00000000,0x00000000,0x00000000,0x00000000,0x00000000,0x00000000,0x01FFFFFF,0x00000000,
  0x12FFFFFF,0xEFFFFFFF,0xFFFFFFFF,0xFEFFFFFF,0xDAFFFFFF,0x21FFFFFF,0x12FFFFFF,0x11FFFFFF,
  0x11FFFFFF,0x11FFFFFF,0x11FFFFFF,0x11FFFFFF,0x11FFFFFF,0x11FFFFFF,0x11FFFFFF,0x11FFFFFF,
  0x11FFFFFF,0x11FFFFFF,0x11FFFFFF,0x11FFFFFF,0x11FFFFFF,0x11FFFFFF,0x11FFFFFF,0x11FFFFFF,
  0x11FFFFFF,0x11FFFFFF,0x11FFFFFF,0x11FFFFFF,0x11FFFFFF,0x11FFFFFF,0x11FFFFFF,0x11FFFFFF,
  0x11FFFFFF,0x11FFFFFF,0x11FFFFFF,0x11FFFFFF,0x11FFFFFF,0x11FFFFFF,0x11FFFFFF,0x11FFFFFF,
  0x11FFFFFF,0x11FFFFFF,0x11FFFFFF,0x11FFFFFF,0x11FFFFFF,0x11FFFFFF,0x11FFFFFF,0x11FFFFFF,
  0x11FFFFFF,0x13FFFFFF,0x14FFFFFF,0xACFFFFFF,0xFFFFFFFF,0xF9FFFFFF,0xFFFFFFFF,0x43FFFFFF,
  0x00000000,0x03FFFFFF,0x00000000,0x00000000,0x00000000,0x00000000,0x00000000,0x00000000,
  0x00000000,0x00000000,0x00000000,0x00000000,0x00000000,0x00000000,0x00000000,0x02FFFFFF,
  0x04FFFFFF,0xCEFFFFFF,0xFEFFFFFF,0xFBFFFFFF,0xFFFFFFFF,0xF6FFFFFF,0xEEFFFFFF,0xEFFFFFFF,
  0xEEFFFFFF,0xEEFFFFFF,0xEEFFFFFF,0xEEFFFFFF,0xEEFFFFFF,0xEEFFFFFF,0xEEFFFFFF,0xEEFFFFFF,
  0xEEFFFFFF,0xEEFFFFFF,0xEEFFFFFF,0xEEFFFFFF,0xEEFFFFFF,0xEEFFFFFF,0xEEFFFFFF,0xEEFFFFFF,
  0xEEFFFFFF,0xEEFFFFFF,0xEEFFFFFF,0xEEFFFFFF,0xEEFFFFFF,0xEEFFFFFF,0xEEFFFFFF,0xEEFFFFFF,
  0xEEFFFFFF,0xEEFFFFFF,0xEEFFFFFF,0xEEFFFFFF,0xEEFFFFFF,0xEEFFFFFF,0xEEFFFFFF,0xEEFFFFFF,
  0xEEFFFFFF,0xEEFFFFFF,0xEEFFFFFF,0xEEFFFFFF,0xEEFFFFFF,0xEEFFFFFF,0xEEFFFFFF,0xEEFFFFFF,
  0xEFFFFFFF,0xEEFFFFFF,0xF0FFFFFF,0xFFFFFFFF,0xFEFFFFFF,0xFCFFFFFF,0xF8FFFFFF,0x1CFFFFFF,
  0x00000000,0x01FFFFFF,0x00000000,0x00000000,0x00000000,0x00000000,0x00000000,0x00000000,
  0x00000000,0x00000000,0x00000000,0x00000000,0x00000000,0x00000000,0x00000000,0x03FFFFFF,
  0x00000000,0x54FFFFFF,0xFFFFFFFF,0xFCFFFFFF,0xFAFFFFFF,0xFFFFFFFF,0xFFFFFFFF,0xFFFFFFFF,
  0xFFFFFFFF,0xFFFFFFFF,0xFFFFFFFF,0xFFFFFFFF,0xFFFFFFFF,0xFFFFFFFF,0xFFFFFFFF,0xFFFFFFFF,
  0xFFFFFFFF,0xFFFFFFFF,0xFFFFFFFF,0xFFFFFFFF,0xFFFFFFFF,0xFFFFFFFF,0xFFFFFFFF,0xFFFFFFFF,
  0xFFFFFFFF,0xFFFFFFFF,0xFFFFFFFF,0xFFFFFFFF,0xFFFFFFFF,0xFFFFFFFF,0xFFFFFFFF,0xFFFFFFFF,
  0xFFFFFFFF,0xFFFFFFFF,0xFFFFFFFF,0xFFFFFFFF,0xFFFFFFFF,0xFFFFFFFF,0xFFFFFFFF,0xFFFFFFFF,
  0xFFFFFFFF,0xFFFFFFFF,0xFFFFFFFF,0xFFFFFFFF,0xFFFFFFFF,0xFFFFFFFF,0xFFFFFFFF,0xFFFFFFFF,
  0xFFFFFFFF,0xFFFFFFFF,0xFFFFFFFF,0xFAFFFFFF,0xF9FFFFFF,0xFFFFFFFF,0x8FFFFFFF,0x00000000,
  0x03FFFFFF,0x00000000,0x00000000,0x00000000,0x00000000,0x00000000,0x00000000,0x00000000,
  0x00000000,0x00000000,0x00000000,0x00000000,0x00000000,0x00000000,0x00000000,0x00000000,
  0x02FFFFFF,0x00000000,0x65FFFFFF,0xFFFFFFFF,0xFFFFFFFF,0xFFFFFFFF,0xFFFFFFFF,0xFFFFFFFF,
  0xFFFFFFFF,0xFFFFFFFF,0xFFFFFFFF,0xFFFFFFFF,0xFFFFFFFF,0xFFFFFFFF,0xFFFFFFFF,0xFFFFFFFF,
  0xFFFFFFFF,0xFFFFFFFF,0xFFFFFFFF,0xFFFFFFFF,0xFFFFFFFF,0xFFFFFFFF,0xFFFFFFFF,0xFFFFFFFF,
  0xFFFFFFFF,0xFFFFFFFF,0xFFFFFFFF,0xFFFFFFFF,0xFFFFFFFF,0xFFFFFFFF,0xFFFFFFFF,0xFFFFFFFF,
  0xFFFFFFFF,0xFFFFFFFF,0xFFFFFFFF,0xFFFFFFFF,0xFFFFFFFF,0xFFFFFFFF,0xFFFFFFFF,0xFFFFFFFF,
  0xFFFFFFFF,0xFFFFFFFF,0xFFFFFFFF,0xFFFFFFFF,0xFFFFFFFF,0xFFFFFFFF,0xFFFFFFFF,0xFFFFFFFF,
  0xFFFFFFFF,0xFFFFFFFF,0xFFFFFFFF,0xFFFFFFFF,0xFFFFFFFF,0x9AFFFFFF,0x00000000,0x02FFFFFF,
  0x01FFFFFF,0x00000000,0x00000000,0x00000000,0x00000000,0x00000000,0x00000000,0x00000000,
  0x00000000,0x00000000,0x00000000,0x00000000,0x00000000,0x00000000,0x00000000,0x00000000,
  0x00000000,0x03FFFFFF,0x00000000,0x43FFFFFF,0x9FFFFFFF,0xBCFFFFFF,0xBDFFFFFF,0xBEFFFFFF,
  0xBEFFFFFF,0xBEFFFFFF,0xBEFFFFFF,0xBEFFFFFF,0xBEFFFFFF,0xBEFFFFFF,0xBEFFFFFF,0xBEFFFFFF,
  0xBEFFFFFF,0xBEFFFFFF,0xBEFFFFFF,0xBEFFFFFF,0xBEFFFFFF,0xBEFFFFFF,0xBEFFFFFF,0xBEFFFFFF,
  0xBEFFFFFF,0xBEFFFFFF,0xBEFFFFFF,0xBEFFFFFF,0xBEFFFFFF,0xBEFFFFFF,0xBEFFFFFF,0xBEFFFFFF,
  0xBEFFFFFF,0xBEFFFFFF,0xBEFFFFFF,0xBEFFFFFF,0xBEFFFFFF,0xBEFFFFFF,0xBEFFFFFF,0xBEFFFFFF,
  0xBEFFFFFF,0xBEFFFFFF,0xBEFFFFFF,0xBEFFFFFF,0xBEFFFFFF,0xBEFFFFFF,0xBEFFFFFF,0xBEFFFFFF,
  0xBEFFFFFF,0xBDFFFFFF,0xBCFFFFFF,0xAEFFFFFF,0x5DFFFFFF,0x00000000,0x01FFFFFF,0x01FFFFFF,
  0x00000000,0x00000000,0x00000000,0x00000000,0x00000000,0x00000000,0x00000000,0x00000000,
  0x00000000,0x00000000,0x00000000,0x00000000,0x00000000,0x00000000,0x00000000,0x00000000,
  0x00000000,0x00000000,0x02FFFFFF,0x00000000,0x00000000,0x00000000,0x00000000,0x00000000,
  0x00000000,0x00000000,0x00000000,0x00000000,0x00000000,0x00000000,0x00000000,0x00000000,
  0x00000000,0x00000000,0x00000000,0x00000000,0x00000000,0x00000000,0x00000000,0x00000000,
  0x00000000,0x00000000,0x00000000,0x00000000,0x00000000,0x00000000,0x00000000,0x00000000,
  0x00000000,0x00000000,0x00000000,0x00000000,0x00000000,0x00000000,0x00000000,0x00000000,
  0x00000000,0x00000000,0x00000000,0x00000000,0x00000000,0x00000000,0x00000000,0x00000000,
  0x00000000,0x00000000,0x00000000,0x00000000,0x00000000,0x01FFFFFF,0x00000000,0x00000000,
  0x00000000,0x00000000,0x00000000,0x00000000,0x00000000,0x00000000,0x00000000,0x00000000,
  0x00000000,0x00000000,0x00000000,0x00000000,0x00000000,0x00000000,0x00000000,0x00000000,
  0x00000000,0x00000000,0x00000000,0x03FFFFFF,0x03FFFFFF,0x02FFFFFF,0x02FFFFFF,0x02FFFFFF,
  0x02FFFFFF,0x02FFFFFF,0x02FFFFFF,0x02FFFFFF,0x02FFFFFF,0x02FFFFFF,0x02FFFFFF,0x02FFFFFF,
  0x02FFFFFF,0x02FFFFFF,0x02FFFFFF,0x02FFFFFF,0x02FFFFFF,0x02FFFFFF,0x02FFFFFF,0x02FFFFFF,
  0x02FFFFFF,0x02FFFFFF,0x02FFFFFF,0x02FFFFFF,0x02FFFFFF,0x02FFFFFF,0x02FFFFFF,0x02FFFFFF,
  0x02FFFFFF,0x02FFFFFF,0x02FFFFFF,0x02FFFFFF,0x02FFFFFF,0x02FFFFFF,0x02FFFFFF,0x02FFFFFF,
  0x02FFFFFF,0x02FFFFFF,0x02FFFFFF,0x02FFFFFF,0x02FFFFFF,0x02FFFFFF,0x02FFFFFF,0x02FFFFFF,
  0x02FFFFFF,0x02FFFFFF,0x02FFFFFF,0x03FFFFFF,0x04FFFFFF,0x00000000,0x00000000,0x00000000,
  0x00000000,0x00000000,0x00000000,0x00000000,0x00000000,0x00000000,0x00000000,0x00000000,
  0x00000000,0x00000000,0x00000000,0x00000000,0x00000000,0x00000000,0x00000000,0x00000000,
  0x00000000,0x00000000,0x00000000,0x00000000,0x00000000,0x00000000,0x00000000,0x00000000,
  0x00000000,0x00000000,0x00000000,0x00000000,0x00000000,0x00000000,0x00000000,0x00000000,
  0x00000000,0x00000000,0x00000000,0x00000000,0x00000000,0x00000000,0x00000000,0x00000000,
  0x00000000,0x00000000,0x00000000,0x00000000,0x00000000,0x00000000,0x00000000,0x00000000,
  0x00000000,0x00000000,0x00000000,0x00000000,0x00000000,0x00000000,0x00000000,0x00000000,
  0x00000000,0x00000000,0x00000000,0x00000000,0x00000000,0x00000000,0x00000000,0x00000000,
  0x00000000,0x00000000,0x00000000,0x00000000,0x00000000,0x00000000,0x00000000,0x00000000,
  0x00000000,0x00000000,0x00000000,0x00000000,0x00000000,0x00000000,0x00000000,0x00000000,
  0x00000000,0x00000000,0x00000000,0x00000000,0x00000000,0x00000000,0x00000000,0x00000000,
  0x00000000,0x00000000,0x00000000,0x00000000,0x00000000,0x00000000,0x00000000,0x00000000,
  0x00000000,0x00000000,0x00000000,0x00000000,0x00000000,0x00000000,0x00000000,0x00000000,
  0x00000000,0x00000000,0x00000000,0x00000000,0x00000000,0x00000000,0x00000000,0x00000000,
  0x00000000,0x00000000,0x00000000,0x00000000,0x00000000,0x00000000,0x00000000,0x00000000,
  0x00000000,0x00000000,0x00000000,0x00000000,0x00000000,0x00000000,0x00000000,0x00000000,
  0x00000000,0x00000000,0x00000000,0x00000000,0x00000000,0x00000000,0x00000000,0x00000000,
  0x00000000,0x00000000,0x00000000,0x00000000,0x00000000,0x00000000,0x00000000,0x00000000,
  0x00000000,0x00000000,0x00000000,0x00000000,0x00000000,0x00000000,0x00000000,0x00000000,
  0x00000000,0x00000000,0x00000000,0x00000000,0x00000000,0x00000000,0x00000000,0x00000000,
  0x00000000,0x00000000,0x00000000,0x00000000,0x00000000,0x00000000,0x00000000,0x00000000,
  0x00000000,0x00000000,0x00000000,0x00000000,0x00000000,0x00000000,0x00000000,0x00000000,
  0x00000000,0x00000000,0x00000000,0x00000000,0x00000000,0x00000000,0x00000000,0x00000000,
  0x00000000,0x00000000,0x00000000,0x00000000,0x00000000,0x00000000,0x00000000,0x00000000,
  0x00000000,0x00000000,0x00000000,0x00000000,0x00000000,0x00000000,0x00000000,0x00000000,
  0x00000000,0x00000000,0x00000000,0x00000000,0x00000000,0x00000000,0x00000000,0x00000000,
  0x00000000,0x00000000,0x00000000,0x00000000,0x00000000,0x00000000,0x00000000,0x00000000,
  0x00000000,0x00000000,0x00000000,0x00000000,0x00000000,0x00000000,0x00000000,0x00000000,
  0x00000000,0x00000000,0x00000000,0x00000000,0x00000000,0x00000000,0x00000000,0x00000000,
  0x00000000,0x00000000,0x00000000,0x00000000,0x00000000,0x00000000,0x00000000,0x00000000,
  0x00000000,0x00000000,0x00000000,0x00000000,0x00000000,0x00000000,0x00000000,0x00000000,
  0x00000000,0x00000000,0x00000000,0x00000000,0x00000000,0x00000000,0x00000000,0x00000000,
  0x00000000,0x00000000,0x00000000,0x00000000,0x00000000,0x00000000,0x00000000,0x00000000,
  0x00000000,0x00000000,0x00000000,0x00000000,0x00000000,0x00000000,0x00000000,0x00000000,
  0x00000000,0x00000000,0x00000000,0x00000000,0x00000000,0x00000000,0x00000000,0x00000000,
  0x00000000,0x00000000,0x00000000,0x00000000,0x00000000,0x00000000,0x00000000,0x00000000,
  0x00000000,0x00000000,0x00000000,0x00000000,0x00000000,0x00000000,0x00000000,0x00000000,
  0x00000000,0x00000000,0x00000000,0x00000000,0x00000000,0x00000000,0x00000000,0x00000000,
  0x00000000,0x00000000,0x00000000,0x00000000,0x00000000,0x00000000,0x00000000,0x00000000,
  0x00000000,0x00000000,0x00000000,0x00000000,0x00000000,0x00000000,0x00000000,0x00000000,
  0x00000000,0x00000000,0x00000000,0x00000000,0x00000000,0x00000000,0x00000000,0x00000000,
  0x00000000,0x00000000,0x00000000,0x00000000,0x00000000,0x00000000,0x00000000,0x00000000,
  0x00000000,0x00000000,0x00000000,0x00000000,0x00000000,0x00000000,0x00000000,0x00000000,
  0x00000000,0x00000000,0x00000000,0x00000000,0x00000000,0x00000000,0x00000000,0x00000000,
  0x00000000,0x00000000,0x00000000,0x00000000,0x00000000,0x00000000,0x00000000,0x00000000,
  0x00000000,0x00000000,0x00000000,0x00000000,0x00000000,0x00000000,0x00000000,0x00000000,
  0x00000000,0x00000000,0x00000000,0x00000000,0x00000000,0x00000000,0x00000000,0x00000000,
  0x00000000,0x00000000,0x00000000,0x00000000,0x00000000,0x00000000,0x00000000,0x00000000,
  0x00000000,0x00000000,0x00000000,0x00000000,0x00000000,0x00000000,0x00000000,0x00000000,
  0x00000000,0x00000000,0x00000000,0x00000000,0x00000000,0x00000000,0x00000000,0x00000000,
  0x00000000,0x00000000,0x00000000,0x00000000,0x00000000,0x00000000,0x00000000,0x00000000,
  0x00000000,0x00000000,0x00000000,0x00000000,0x00000000,0x00000000,0x00000000,0x00000000,
  0x00000000,0x00000000,0x00000000,0x00000000,0x00000000,0x00000000,0x00000000,0x00000000,
  0x00000000,0x00000000,0x00000000,0x00000000,0x00000000,0x00000000,0x00000000,0x00000000,
  0x00000000,0x00000000,0x00000000,0x00000000,0x00000000,0x00000000,0x00000000,0x00000000,
  0x00000000,0x00000000,0x00000000,0x00000000,0x00000000,0x00000000,0x00000000,0x00000000,
  0x00000000,0x00000000,0x00000000,0x00000000,0x00000000,0x00000000,0x00000000,0x00000000,
  0x00000000,0x00000000,0x00000000,0x00000000,0x00000000,0x00000000,0x00000000,0x00000000,
  0x00000000,0x00000000,0x00000000,0x00000000,0x00000000,0x00000000,0x00000000,0x00000000,
  0x00000000,0x00000000,0x00000000,0x00000000,0x00000000,0x00000000,0x00000000,0x00000000,
  0x00000000,0x00000000,0x00000000,0x00000000,0x00000000,0x00000000,0x00000000,0x00000000,
  0x00000000,0x00000000,0x00000000,0x00000000,0x00000000,0x00000000,0x00000000,0x00000000,
  0x00000000,0x00000000,0x00000000,0x00000000,0x00000000,0x00000000,0x00000000,0x00000000,
  0x00000000,0x00000000,0x00000000,0x00000000,0x00000000,0x00000000,0x00000000,0x00000000,
  0x00000000,0x00000000,0x00000000,0x00000000,0x00000000,0x00000000,0x00000000,0x00000000,
  0x00000000,0x00000000,0x00000000,0x00000000,0x00000000,0x00000000,0x00000000,0x00000000,
  0x00000000,0x00000000,0x00000000,0x00000000,0x00000000,0x00000000,0x00000000,0x00000000,
  0x00000000,0x00000000,0x00000000,0x00000000,0x00000000,0x00000000,0x00000000,0x00000000,
  0x00000000,0x00000000,0x00000000,0x00000000,0x00000000,0x00000000,0x00000000,0x00000000,
  0x00000000,0x00000000,0x00000000,0x00000000,0x00000000,0x00000000,0x00000000,0x00000000,
  0x00000000,0x00000000,0x00000000,0x00000000,0x00000000,0x00000000,0x00000000,0x00000000,
  0x00000000,0x00000000,0x00000000,0x00000000,0x00000000,0x00000000,0x00000000,0x00000000,
  0x00000000,0x00000000,0x00000000,0x00000000,0x00000000,0x00000000,0x00000000,0x00000000,
  0x00000000,0x00000000,0x00000000,0x00000000,0x00000000,0x00000000,0x00000000,0x00000000,
  0x00000000,0x00000000,0x00000000,0x00000000,0x00000000,0x00000000,0x00000000,0x00000000,
  0x00000000,0x00000000,0x00000000,0x00000000,0x00000000,0x00000000,0x00000000,0x00000000,
  0x00000000,0x00000000,0x00000000,0x00000000,0x00000000,0x00000000,0x00000000,0x00000000,
  0x00000000,0x00000000,0x00000000,0x00000000,0x00000000,0x00000000,0x00000000,0x00000000,
  0x00000000,0x00000000,0x00000000,0x00000000,0x00000000,0x00000000,0x00000000,0x00000000,
  0x00000000,0x00000000,0x00000000,0x00000000,0x00000000,0x00000000,0x00000000,0x00000000,
  0x00000000,0x00000000,0x00000000,0x00000000,0x00000000,0x00000000,0x00000000,0x00000000,
  0x00000000,0x00000000,0x00000000,0x00000000,0x00000000,0x00000000,0x00000000,0x00000000,
  0x00000000,0x00000000,0x00000000,0x00000000,0x00000000,0x00000000,0x00000000,0x00000000,
  0x00000000,0x00000000,0x00000000,0x00000000,0x00000000,0x00000000,0x00000000,0x00000000,
  0x00000000,0x00000000,0x00000000,0x00000000,0x00000000,0x00000000,0x00000000,0x00000000,
  0x00000000,0x00000000,0x00000000,0x00000000,0x00000000,0x00000000,0x00000000,0x00000000,
  0x00000000,0x00000000,0x00000000,0x00000000,0x00000000,0x00000000,0x00000000,0x00000000,
  0x00000000,0x00000000,0x00000000,0x00000000,0x00000000,0x00000000,0x00000000,0x00000000,
  0x00000000,0x00000000,0x00000000,0x00000000,0x00000000,0x00000000,0x00000000,0x00000000,
  0x00000000,0x00000000,0x00000000,0x00000000,0x00000000,0x00000000,0x00000000,0x00000000,
  0x00000000,0x00000000,0x00000000,0x00000000,0x00000000,0x00000000,0x00000000,0x00000000,
  0x00000000,0x00000000,0x00000000,0x00000000,0x00000000,0x00000000,0x00000000,0x00000000,
  0x00000000,0x00000000,0x00000000,0x00000000,0x00000000,0x00000000,0x00000000,0x00000000,
  0x00000000,0x00000000,0x00000000,0x00000000,0x00000000,0x00000000,0x00000000,0x00000000,
  0x00000000,0x00000000,0x00000000,0x00000000,0x00000000,0x00000000,0x00000000,0x00000000,
  0x00000000,0x00000000,0x00000000,0x00000000,0x00000000,0x00000000,0x00000000,0x00000000,
  0x00000000,0x00000000,0x00000000,0x00000000,0x00000000,0x00000000,0x00000000,0x00000000,
  0x00000000,0x00000000,0x00000000,0x00000000,0x00000000,0x00000000,0x00000000,0x00000000,
  0x00000000,0x00000000,0x00000000,0x00000000,0x00000000,0x00000000,0x00000000,0x00000000,
  0x00000000,0x00000000,0x00000000,0x00000000,0x00000000,0x00000000,0x00000000,0x00000000,
  0x00000000,0x00000000,0x00000000,0x00000000,0x00000000,0x00000000,0x00000000,0x00000000,
  0x00000000,0x00000000,0x00000000,0x00000000,0x00000000,0x00000000,0x00000000,0x00000000,
  0x00000000,0x00000000,0x00000000,0x00000000,0x00000000,0x00000000,0x00000000,0x00000000,
  0x00000000,0x00000000,0x00000000,0x00000000,0x00000000,0x00000000,0x00000000,0x00000000,
  0x00000000,0x00000000,0x00000000,0x00000000,0x00000000,0x00000000,0x00000000,0x00000000,
  0x00000000,0x00000000,0x00000000,0x00000000,0x00000000,0x00000000,0x00000000,0x00000000,
  0x00000000,0x00000000,0x00000000,0x00000000,0x00000000,0x00000000,0x00000000,0x00000000,
  0x00000000,0x00000000,0x00000000,0x00000000,0x00000000,0x00000000,0x00000000,0x00000000,
  0x00000000,0x00000000,0x00000000,0x00000000,0x00000000,0x00000000,0x00000000,0x00000000,
  0x00000000,0x00000000,0x00000000,0x00000000,0x00000000,0x00000000,0x00000000,0x00000000,
  0x00000000,0x00000000,0x00000000,0x00000000,0x00000000,0x00000000,0x00000000,0x00000000,
  0x00000000,0x00000000,0x00000000,0x00000000,0x00000000,0x00000000,0x00000000,0x00000000,
  0x00000000,0x00000000,0x00000000,0x00000000,0x00000000,0x00000000,0x00000000,0x00000000,
  0x00000000,0x00000000,0x00000000,0x00000000,0x00000000,0x00000000,0x00000000,0x00000000,
  0x00000000,0x00000000,0x00000000,0x00000000,0x00000000,0x00000000,0x00000000,0x00000000,
  0x00000000,0x00000000,0x00000000,0x00000000,0x00000000,0x00000000,0x00000000,0x00000000,
  0x00000000,0x00000000,0x00000000,0x00000000,0x00000000,0x00000000,0x00000000,0x00000000,
  0x00000000,0x00000000,0x00000000,0x00000000,0x00000000,0x00000000,0x00000000,0x00000000,
};

#endif
